Video Name,n_faces,total_area_mm2,n_observed_faces,n_unobserved_faces,observed_area_mm2,unobserved_area_mm2,unobserved_frac_by_count,unobserved_frac_by_area,n_unobserved_components,comp_area_top1_mm2,comp_area_top2_mm2,comp_area_top3_mm2,comp_area_top4_mm2,comp_area_top5_mm2,n_components_gt5mm_diam,n_components_gt10mm_diam,largest_component_equiv_diam_mm,n_boundary_edges,unobs_area_within_5mm_of_boundary_mm2,unobs_area_within_10mm_of_boundary_mm2,unobs_area_within_5mm_of_boundary_frac,unobs_area_within_10mm_of_boundary_frac,large_components_total_area_mm2,large_unobs_area_within_5mm_of_boundary_frac,large_unobs_area_within_10mm_of_boundary_frac,n_fully_interior_components,fully_interior_area_mm2,Colon,Segment,Phantom Number,Video Number,Camera Speed,Edge Enhancement,Brightness,Debris,Deformation,Open End Visible,Tags,Comments,Qualitative Score,Quantitative Score,Youtube Preview URL ID,Total Frames,largest_component_frac,difficulty_subset,fragmentation_score_lt10mm
c1_ascending_t1_v1,755902,21699.944480969883,662255,93647,19058.394911444448,2641.549569525437,0.1238877526451841,0.1217307063546631,153,1266.0631597032095,739.0979043740206,257.70584452002925,172.9385599227236,145.41146728625844,6,5,40.14974073473547,2018,1056.46051612935,1685.8617946349125,0.3999396900657618,0.638209410901868,2581.216935806241,0.4089565738863735,0.6527672119730925,91,490.12215655740215,c1,ascending,t1,v1,20.0,2.0,5.0,no,no,no,zigzag,,3.0,-1.4156,SNxHcXeiwGU,282,0.4792880566427007,mixed,0.022839864303600518
c1_ascending_t1_v2,755902,21699.944480969883,654824,101078,18849.121640210404,2850.82284075948,0.1337183920666964,0.1313746605784892,105,684.9936663379556,664.9193476224049,641.6142328926239,260.0255237206468,222.55197856236,7,7,29.53237247284086,2018,1092.9180416122226,1879.9841247767647,0.383369329719928,0.6594531578384308,2848.575787097253,0.3833918328189673,0.6595799080460447,58,381.12170134646266,c1,ascending,t1,v2,15.0,2.0,5.0,no,no,no,loop,Pendulum motion with forward translation. Same start and end.,3.0,-1.2866,TzvtE8eRCvE,454,0.2402792823686891,fragmented,0.0007882123119329951
c1_ascending_t2_v1,838043,24047.657885991022,623980,214063,17944.349129905357,6103.308756085665,0.2554320005059406,0.2538005482704887,87,3235.121860494174,2341.6283006894905,317.45541446958714,137.996146292425,68.74151829771071,5,4,64.18009882213002,1707,1516.8551336092678,2992.670882932212,0.2485299686169076,0.4903358166090143,6032.201721945677,0.2514468563070863,0.4960430613391994,80,526.4816208861657,c1,ascending,t2,v1,17.0,2.0,6.0,no,no,no,zigzag,"zigzag side by side, then straight up",2.0,0.2027,CW1AuVdesqw,374,0.5300603311717443,mixed,0.011650571351004807
c1_ascending_t2_v2,755902,21699.944422835244,609625,146277,17556.816976260918,4143.127446574326,0.1935131802799833,0.1909280210973461,71,2935.47383550834,744.3635259946751,266.3880515232162,145.22225041541313,49.81722813401409,5,4,61.13559822153228,2018,1298.3786317980648,2363.1261207838525,0.3133812919203358,0.5703725389229247,4091.4476634416446,0.317183409069102,0.5774161403142969,45,462.6507711914796,c1,ascending,t2,v2,12.0,2.0,6.0,no,no,no,loop,"majorly straight line, back to same point",2.0,0.5339,sQ1glZ7wiZE,412,0.7085164222827579,monolithic,0.012473616561183197
c1_ascending_t2_v3,755902,21699.944422835244,609656,146246,17557.47185607836,4142.472566756888,0.1934721696727882,0.1908978422266229,64,2935.1312434765614,744.2417664823535,266.2791724777452,145.62486977440904,49.53596822710143,5,4,61.13203062374134,2018,1298.3426354264138,2362.8656886842928,0.3134221445050816,0.5703998398555873,4091.277052211069,0.3171938492228616,0.5773871921993715,39,462.4848377995504,c1,ascending,t2,v3,12.0,2.0,6.0,yes,no,no,loop,fecal debris  foam,2.0,,CENEBbKA3HU,412,0.7085457287106319,monolithic,0.01235868523467355
c1_ascending_t3_v1,755902,21699.95639902579,615047,140855,17722.086108456308,3977.870290569485,0.1863402927892769,0.1833123632795903,145,2840.715807773357,676.4271808814026,329.3517269246945,126.88334267454218,0.1914992634831333,4,4,60.1407657235201,2018,1251.93435648557,2236.471858511842,0.3147247811105321,0.5622284527009204,3973.3780582539966,0.3147438546176103,0.5624652121652277,93,459.38927133705386,c1,ascending,t3,v1,26.0,3.0,4.0,no,no,yes,fast ; zigzag,zizag motion,1.0,0.2382,43Bnm7YG0Ho,259,0.7141298233147444,monolithic,0.0011293058816268364
c1_ascending_t3_v2,755902,21699.94022982315,649215,106687,18699.97162900406,2999.9686008190934,0.1411386661233863,0.1382477817471639,109,1770.775876202787,688.1577766691837,326.76163948295664,137.0720244124251,56.099888549923634,5,4,47.48285870126656,2018,1123.3843344044628,1894.411686383905,0.3744653641033912,0.6314771714166164,2922.7673167673524,0.3594771130421533,0.6222171246791308,56,465.5222206840188,c1,ascending,t3,v2,12.0,3.0,4.0,no,no,yes,exploratory,exploratory motion,1.0,0.4615,qG2d-QhPgIU,680,0.59026480334471,mixed,0.02573403069307534
c1_ascending_t3_v3,755902,21699.94022982315,649179,106723,18699.069873417167,3000.870356405984,0.1411862913446452,0.1382893374186238,105,1769.9726309012444,688.4197809377988,327.75052905608965,137.55195430092635,56.22300937987569,5,4,47.4720880809176,2018,1123.0167492936832,1894.0820590304284,0.3742303451718164,0.6311775698630615,2923.6948951960594,0.3591880317638068,0.6218974929254425,54,466.8121343993249,c1,ascending,t3,v3,12.0,3.0,4.0,yes,no,yes,exploratory,yellow fecal matter,1.0,,PIUWKDFm15Q,680,0.5898197591651597,mixed,0.025717692550488974
c1_ascending_t4_v1,755902,21699.946785434586,618382,137520,17819.94503312424,3880.001752310344,0.1819283452087704,0.1788023625437954,73,2627.753701500392,757.2568004933266,319.0606844051488,154.29651555557632,19.58746252852289,4,4,57.84254426090278,2018,1283.4624361207104,2282.403315936123,0.3307891382668768,0.5882480116348061,3858.367701954443,0.3324905741213446,0.5913783899692001,49,494.3997065900012,c1,ascending,t4,v1,10.0,3.0,0.0,no,no,no,,,1.0,0.7983,bgn25JzbQTQ,410,0.6772558027675369,mixed,0.0055757836560302075
c1_ascending_t4_v2,755902,21699.94141832276,512586,243316,14791.305178559349,6908.636239763406,0.3218882871060005,0.3183711931097642,102,5989.066162117895,621.4428342861156,130.99883173962485,120.19188979222056,44.05250717857805,5,4,87.32419981679624,2018,1251.0240356089764,2385.745258692731,0.1810811847942683,0.3453279599469017,6861.699717935856,0.1822069542965553,0.3475189257168751,72,297.3526146530444,c1,ascending,t4,v2,10.0,3.0,0.0,no,no,yes,,straight and oscillatory motion,1.0,1.003,V9G4WhuZER4,694,0.8668955716103817,monolithic,0.006793891037047496
c1_ascending_t4_v3,755902,21699.94141832276,512630,243272,14792.488530374909,6907.452887947849,0.3218300785022397,0.3183166606208167,105,5988.445024031187,620.8214986187947,131.47572587071045,119.69796998968182,44.09964303769557,5,4,87.31967141526026,2018,1251.0284542479058,2385.319052741392,0.1811128464488994,0.3453254175505569,6860.440218510375,0.1822301436561001,0.3474883920396889,73,297.3369176131944,c1,ascending,t4,v3,10.0,3.0,0.0,yes,no,yes,,fecal debris yellow,1.0,,FYHJbfrK5kg,694,0.8669541611322242,monolithic,0.006806078912170841
c1_cecum_t1_v1,699908,32479.5785251011,635753,64155,29756.418613160044,2723.1599119410603,0.091662047011893,0.0838422182675963,416,2496.814213728376,75.04003008661012,57.93839579261344,19.269318571517395,16.43860415269072,3,1,56.382999146691375,1280,894.219242895268,1404.0591180913748,0.3283755900540821,0.5155992169004007,2496.814213728376,0.3581259132290206,0.5622677314459611,414,226.3003257720896,c1,cecum,t1,v1,61.0,3.0,-1.0,no,no,no,loop ; fast ,Fast looping back to first point,1.0,-0.2671,JOeEqDqtsN4,218,0.9168812315354092,monolithic,0.08311876846459067
c1_cecum_t1_v2,699908,32479.581862311607,628723,71185,29337.81629872138,3141.7655635902324,0.1017062242466152,0.0967304806111389,253,1727.7512477819046,998.327595508204,106.73261772718556,67.67612785920255,65.4060996448096,8,3,46.90246488343061,1280,886.1428040577098,1498.8980768307265,0.2820524912256902,0.4770878178185486,2832.8114610172943,0.2933897074086339,0.5059969246014052,246,243.49235220635128,c1,cecum,t1,v2,40.0,3.0,8.0,no,no,no,zigzag; water on lens; fast,water on lens next to ICV. Fast exploratory movement,1.0,0.2686,uEZUZ2DQwa8,423,0.5499300354567284,mixed,0.09833773281921224
c1_cecum_t1_v3,699908,32479.579525390385,624704,75204,29162.85626625152,3316.7232591388665,0.1074484075049863,0.1021171858627686,243,1834.8686008321763,1050.7753177925551,197.6612916388526,64.70934168177155,63.05985612989599,7,3,48.33453487903246,1280,915.1376835502382,1581.1691417235868,0.2759162016392766,0.4767262801823604,3083.3052102635843,0.2968039468401234,0.5127936569886519,239,233.41752104399217,c1,cecum,t1,v3,40.0,3.0,8.0,yes,no,no,zigzag; water on lens; fast,water on lens next to ICV. Fast exploratory movement,1.0,,LdZK62gQtfQ,423,0.5532172742408935,mixed,0.07037610033701909
c1_cecum_t2_v1,699908,32479.59205841505,622600,77308,29155.14938299488,3324.442675420172,0.1104545168793612,0.1023548162009273,388,1823.1391814635108,640.4023368479229,312.7116343492929,218.73676642217785,166.61259240637034,8,5,48.17979764792955,1280,865.4883262037392,1343.8027545805137,0.260340878368237,0.4042189581177459,3161.602511489275,0.2737055325188572,0.4249941358896408,384,1501.1632667730498,c1,cecum,t2,v1,18.0,3.0,8.0,no,no,no,polyp; saturation,towards the polyp; oscillatory motion; ICV,1.0,1.0774,XmjblA1svwk,281,0.5484044573676058,mixed,0.048982695696599944
c1_cecum_t2_v2,699908,32479.606581640808,637391,62517,29600.934471152766,2878.6721104880426,0.0893217394286106,0.0886301409856122,148,1248.0398664971171,691.4829947793814,313.3600132253566,310.3431312709063,100.15714332487444,8,6,39.862936563054696,1280,906.0236137780524,1536.2290310742148,0.3147366490532496,0.5336589135932424,2762.296546835408,0.3279965052325855,0.5561143613130688,145,625.7892359861874,c1,cecum,t2,v2,22.0,3.0,8.0,no,no,no,exploratory ; polyp,exploratory motion; ICV,1.0,1.3243,RToIHqYkN6I,328,0.4335470726068651,mixed,0.04042682152949511
c1_cecum_t2_v3,699908,32479.606581640808,637416,62492,29602.35914660689,2877.247435033919,0.0892860204484018,0.0885862772937739,143,1248.2913903142537,692.2438676032825,313.5614446326494,309.5138740955306,99.70559829927537,8,6,39.86695325078834,1280,905.9731215116848,1537.0329491564153,0.3148749427944157,0.5342025612539283,2761.8493184715817,0.3280313359068603,0.556490798769363,140,623.1507324837339,c1,cecum,t2,v3,22.0,3.0,8.0,yes,no,no,exploratory ; polyp,"foam, fecal debris; ICV",1.0,,ypkbJxaIej0,328,0.4338491626110488,mixed,0.040107122924927435
c1_cecum_t3_v2,699908,32479.60055233237,619824,80084,28743.230198850848,3736.370353481521,0.1144207524417494,0.1150374478116299,135,3006.511512583911,460.7910723346429,118.10880152194434,94.75235489747033,19.10360157232,4,4,61.87090874977807,1280,888.7919068723759,1529.8285781975708,0.2378757518092943,0.4094424356975448,3680.163741337969,0.2415087939943793,0.415675741596623,134,729.85884089761,c1,cecum,t3,v2,9.0,2.0,-8.0,no,no,no,polyp; zigzag,ladder zigzag; ICV,1.0,0.166,AaPUG7e21kI,721,0.8046610020290058,monolithic,0.015043105159845692
c1_cecum_t3_v3,699908,32479.60055233237,619748,80160,28739.6458351775,3739.954717154868,0.1145293381415843,0.11514780519326,131,3008.012287320329,461.1530253042538,118.75870951165211,95.02475019701863,19.50824597633164,4,4,61.88634902194111,1280,889.284729203099,1530.3230759110932,0.2377795445287137,0.4091822472854085,3682.9487723332536,0.2414087864774189,0.4154645190804759,126,731.7538944189106,c1,cecum,t3,v3,9.0,2.0,-8.0,yes,no,no,polyp; zizag,"blood pool, foam, iCV",1.0,,1o0WQ1fmXIs,721,0.8042910983715449,monolithic,0.015242415786515544
c1_cecum_t4_v1,699908,32479.58951641256,637415,62493,29724.13662585605,2755.4528905564976,0.0892874492076101,0.0848364444127015,80,1765.7168476665934,499.9126584448256,177.79614947593154,137.8433520941116,73.19994406186062,7,4,47.4149819704091,1280,809.3890908281473,1253.9617709009033,0.2937408560320845,0.45508372696136,2581.269007681462,0.3104564114470252,0.4826866899456147,77,981.7184651659674,c1,cecum,t4,v1,9.0,3.0,4.0,no,no,no,,ICV,1.0,-0.4962,Cf-gd-Z2SEw,866,0.6408082147650092,mixed,0.06321424818112453
c1_cecum_t4_v2,699908,32479.58951641256,638527,61381,29860.1489650573,2619.440551355254,0.0876986689679215,0.080648819469581,114,1992.9336999161924,296.64554455227017,148.10414058864058,64.36479307199949,56.70012333597322,6,3,50.37342550163386,1280,725.7117980717853,1190.1137211979385,0.2770483940535754,0.4543388933114721,2437.683385057103,0.2975955251613025,0.4881050580944625,108,626.2387205203266,c1,cecum,t4,v2,9.0,3.0,4.0,no,no,no,,"towards ICV, wait in the middle",1.0,-0.8478,lGEzUZfzg58,959,0.7608241763246287,monolithic,0.06938778060991414
c1_cecum_t4_v3,699908,32479.58951641256,638553,61355,29860.928640843267,2618.6608755692823,0.0876615212285043,0.0806248143698375,97,1992.5191549694364,295.7144899740217,148.48726302978625,64.53154261238527,56.68846126336695,6,3,50.368186206665975,1280,725.3384904096063,1189.5613608280464,0.2769883252835943,0.4542632350473569,2436.7209079732443,0.2976433642160328,0.4881546652433466,95,626.0770388949422,c1,cecum,t4,v3,9.0,3.0,4.0,yes,no,no,water jet,"towards ICV, yellow foam, fecal debris",1.0,,Tr17QZFmwKE,959,0.7608923986907139,monolithic,0.06947824718100822
c1_descending_t1_v1,217311,20547.075739693897,164363,52948,15726.164899187106,4820.910840506792,0.2436508046072219,0.234627588936829,97,3426.3665501930564,1013.9940974789216,306.45059284485575,46.59665186837217,19.03482098782156,4,3,66.04987045001373,1239,738.5837634994546,1482.6853276639874,0.1532041947952333,0.3075529452247912,4746.811240516834,0.1545896391127289,0.3106662321399652,25,1389.768363422024,c1,descending,t1,v1,22.0,2.0,8.0,no,no,yes,saturation,,1.0,1.16,ByEInBvnYo0,123,0.7107301220764465,monolithic,0.015370456422332203
c1_descending_t1_v2,217311,20547.06604756975,149768,67543,14299.178657231489,6247.887390338267,0.310812614179678,0.3040768631333255,83,5086.062624870448,1015.519907754052,126.93375029234986,8.29467479490748,5.491909908270548,3,3,80.47220676099653,1239,756.1234306915736,1572.7518068901752,0.1210206560157986,0.251725376696494,6228.51628291685,0.1207126566751761,0.2518238778882272,18,1157.5620824317314,c1,descending,t1,v2,20.0,2.0,8.0,no,no,yes,loop; saturation,back to start point,1.0,1.4549,H_sGijReE90,208,0.8140451815337669,monolithic,0.0031004251855391057
c1_descending_t1_v3,217311,20547.06604756975,149749,67562,14297.668019488268,6249.39802808149,0.3109000464771687,0.3041503839824689,93,5085.544222601706,1016.3301495819312,126.90611679689412,8.638010824794618,5.384590279232051,3,3,80.46810554944072,1239,756.1081070933984,1573.5265772043083,0.1209889502470235,0.2517885034900501,6228.780488980531,0.1206499083916971,0.2518824139450751,24,1159.2474937738764,c1,descending,t1,v3,20.0,2.0,8.0,yes,no,yes,loop; saturation,back to start point,1.0,,G4hGjHT9H9s,208,0.8137654538485082,monolithic,0.003299124012955117
c1_descending_t2_v2,217311,20547.07058987111,162184,55127,15539.393956809869,5007.676633061243,0.253677908619444,0.2437173032115745,82,3638.33239848567,949.1965194645207,354.0775688633894,35.13380044505634,21.11532278036335,5,3,68.06224126961357,1239,762.5500665495612,1540.5404023727835,0.1522762195775821,0.3076357591067208,4941.60648681358,0.1533941894450464,0.309950979220492,16,1364.8078896271645,c1,descending,t2,v2,10.0,2.0,3.0,no,no,yes,,straight and oscillatory motion,1.0,1.1961,xkaaFsmrYHY,617,0.7265509866322022,monolithic,0.013193772499498067
c1_descending_t2_v3,217311,20547.07058987111,162196,55115,15540.276790757624,5006.793799113488,0.2536226882210288,0.2436743367972677,82,3636.9104826010944,949.1974481432308,354.99917877989776,34.62296343602124,21.38438819539748,5,3,68.04894008806866,1239,762.4476209615196,1540.0644883434857,0.1522826087019042,0.3075949500089603,4941.107109524223,0.1533979130730131,0.3098875768040318,15,1365.3912144221176,c1,descending,t2,v3,10.0,2.0,3.0,yes,no,yes,,"straight and oscillatory motion, blood",2.0,,yhWPrbaJIME,617,0.7263951000428762,monolithic,0.01311951165252611
c1_descending_t3_v1,217311,20547.06938679753,154420,62891,14742.22693040092,5804.842456396612,0.289405506394062,0.2825143745378354,84,4425.132123949639,1097.956536267368,249.5935809971271,16.35428670302411,7.324152546304017,3,3,75.06166272399368,1239,777.4522834379834,1529.1037793574628,0.1339316767471052,0.2634186527616224,5772.682241214135,0.1338813961668059,0.2637048145773412,18,277.15627082269583,c1,descending,t3,v1,18.0,2.0,2.0,no,no,yes,,"almost straight line, added light red debris for texture",1.0,0.6179,Ntm5d8xP9Tk,239,0.7623173509340276,monolithic,0.005540239106237712
c1_descending_t3_v2,217311,20547.065759318542,173013,44298,16511.701159057255,4035.364600261291,0.2038461007496169,0.1963961495782513,114,2146.348081375452,779.7550299705078,364.6375460707298,324.8382917764628,269.0546572111276,7,5,52.27633550636149,1239,543.6345407793721,1022.964320595404,0.1347175768811996,0.2534998499340473,3884.63360640428,0.1367984874660403,0.2601897331747219,34,2609.694827945409,c1,descending,t3,v2,14.0,2.0,2.0,no,no,yes,,,1.0,0.458,YoS0dPyTKRU,342,0.5318845492267229,mixed,0.03735250932400299
c1_descending_t3_v3,217311,20547.065759318542,173036,44275,16513.49884008139,4033.566919237156,0.2037402616526545,0.1963086586904918,118,2145.542656211456,781.4915078013513,364.63762308423856,324.2093309614641,268.8820303121626,7,5,52.26652614058587,1239,542.6227846850564,1022.4305854611404,0.1345267837499221,0.2534805064432912,3884.763148370672,0.1366784731814859,0.2601886544849001,33,2606.896469145353,c1,descending,t3,v3,14.0,2.0,2.0,yes,no,yes,,yellow foam flowing,1.0,,MOObNN7pn_A,342,0.5319219190287363,mixed,0.036891360387948165
c1_descending_t4_v1,217311,20547.065524563463,160130,57181,15297.051338780451,5250.014185783015,0.2631298001481747,0.2555116291183655,102,4007.6584124610754,930.0739909015816,289.35381286310906,9.966279268661989,2.851039958384372,3,3,71.43324976882954,1239,752.5539391242138,1504.172547972343,0.1433432201311231,0.2865082825958122,5227.086216225766,0.1430635637318497,0.2863111662996901,35,1237.607416224614,c1,descending,t4,v1,18.0,3.0,0.0,no,no,yes,,,1.0,0.4362,FVqoeB0TMIs,192,0.763361444491669,monolithic,0.004367220496153659
c1_descending_t4_v2,217311,20547.065524563463,173501,43810,16653.74701450113,3893.318510062338,0.2016004712140664,0.189482946136906,95,2472.286125842152,993.7405389617388,360.38339139253145,40.10235641106874,16.311376696613447,4,3,56.105369273558125,1239,687.8120731160333,1292.1593362859453,0.1766647324996331,0.331891504110527,3826.410056196422,0.1784969151959227,0.3353504855613228,25,1416.2227024098725,c1,descending,t4,v2,15.0,3.0,0.0,no,no,yes,,,1.0,1.0279,d6_rrrQDHr0,279,0.6350074157694761,mixed,0.017185455978746877
c1_descending_t4_v3,217311,20547.065524563463,173500,43811,16653.564444205622,3893.501080357844,0.2016050729139344,0.1894918316050176,93,2470.9258323873546,994.8165673396644,360.9487877981784,40.27046948264951,16.593864133571252,4,3,56.08993209037811,1239,687.5912316467103,1291.5219968288625,0.176599727971185,0.3317122482242026,3826.691187525197,0.1784292736572414,0.3352404017341701,20,1417.7777454244672,c1,descending,t4,v3,15.0,3.0,0.0,yes,no,yes,,blood & foam on wall,1.0,,d3uqHGwvgyk,279,0.6346282642254351,mixed,0.017159335891723117
c1_rectum_t1_v1,709291,23220.488994570147,583211,126080,19473.965323841498,3746.5236707286494,0.1777549693990195,0.1613455974852524,162,2386.5621533903604,683.5307214973618,383.85271973677527,154.30301997357617,85.30400302818435,5,5,55.124090102829925,329,1175.2369232028636,2062.373656537088,0.3136873076193044,0.5504766118656295,3693.552617626258,0.3181817065665806,0.5583669225834468,151,52.95500506931104,c1,rectum,t1,v1,25.0,1.0,0.0,no,no,no,loop,in and out motion,1.0,0.6343,6qI7m6AHFvA,206,0.6370070932786087,mixed,0.014138721053933429
c1_rectum_t1_v2,709291,23220.488994570147,595477,113814,19874.992925733248,3345.496068836903,0.1604616440924811,0.1440751772979117,146,2411.019305789049,496.6919680548815,213.83620552917736,88.93893820681569,53.72777620329817,7,4,55.40582210607958,329,1006.3861537720668,1765.734846236253,0.3008182144186311,0.527794625940221,3210.486417579924,0.2980419474372746,0.5331652214109304,112,80.99450668651123,c1,rectum,t1,v2,16.0,1.0,0.0,no,no,no,zigzag,oscillatory motion,1.0,0.66,kBGBt-HXE0s,383,0.7206761736316329,monolithic,0.04035564486671692
c1_rectum_t1_v3,709291,23220.50820592307,595826,113465,19886.373202962408,3334.1350029606606,0.159969603449078,0.1435857894837199,137,2404.613408957297,504.6727362687967,202.97039515859552,93.4222693898115,48.24093992436708,7,4,55.33216860095813,329,1003.1814506344498,1760.550254193935,0.3008820727845873,0.5280380826303054,3205.6788097745007,0.2986831533510573,0.5340451652013528,102,79.91223303218462,c1,rectum,t1,v3,16.0,1.0,0.0,yes,no,no,zigzag,mucous pool and fecal debris,1.0,,iUbjm8lc_XE,383,0.7212105709043087,monolithic,0.03852759203574306
c1_rectum_t2_v1,709291,23220.50110903118,571766,137525,19085.61852970916,4134.882579322022,0.1938908008137703,0.1780703422336496,67,2379.9581232763567,1714.4516067288714,38.391634171058286,0.1223381960025762,0.1065337661061751,3,2,55.04776832324032,329,1242.5070990537906,2272.966759396979,0.3004939258172402,0.5497052735581349,4094.409730005228,0.3034642795879161,0.5551390577107866,65,40.472849316793344,c1,rectum,t2,v1,19.0,3.0,3.0,no,no,no,loop,"almost straight line, back to same point",2.0,-1.0436,1kDgLMC5_kw,165,0.5755805824277089,mixed,0.009788149612565177
c1_rectum_t2_v2,709291,23220.50110903118,600567,108724,20044.637761168226,3175.8633478629554,0.1532854639351126,0.1367698023806972,120,2103.418920251348,1059.822839033868,7.183691899859628,1.038652161323803,0.3422876261853027,2,2,51.7509048076278,329,1061.297220844127,1852.499218192172,0.3341759718843936,0.5833057078601073,3163.241759285216,0.3354497226920513,0.5855735063154784,98,12.432938693754618,c1,rectum,t2,v2,14.0,3.0,3.0,no,no,no,zigzag,exploratory motion,2.0,-1.1795,0nnV0uikO7Y,366,0.6623140512852175,mixed,0.00397422281605172
c1_rectum_t2_v3,709291,23220.50110903118,600592,108699,20045.453101132603,3175.048007898573,0.1532502174706855,0.1367346894449102,124,2103.553456524697,1059.7071990852305,6.400193330665913,0.9265572797576168,0.3660121809523741,2,2,51.75255979477328,329,1061.7884317659143,1852.6844449094947,0.3344164967346954,0.5835138367358755,3163.260655609928,0.3355683814266879,0.5855757329212202,100,11.489178756478598,c1,rectum,t2,v3,14.0,3.0,3.0,no,no,no,zigzag,exploratory motion,2.0,,qYcTgoYMlIE,366,0.6625265039431477,mixed,0.0037124957667796486
c1_rectum_t3_v1,709291,23220.49946656719,603216,106075,20156.58843982379,3063.9110267434044,0.1495507485644115,0.131948541036114,228,2257.382484946237,550.4743590306666,218.0754077791109,20.196896940081,4.65725761401946,4,3,53.611460038186586,329,1047.975362546461,1766.794376822363,0.342038444784848,0.5766467633690616,3025.9322517560145,0.3460645059963544,0.583602738593165,212,37.17116232331048,c1,rectum,t3,v1,31.0,3.0,4.0,no,no,no,fast,,1.0,0.1472,54ztxVKAByo,247,0.736765025238211,monolithic,0.01239552149389825
c1_rectum_t3_v2,709291,23220.49946656719,582012,127279,19443.15619125071,3777.343275316485,0.1794453898329458,0.1626727831912097,123,2394.1181883673053,1330.603905583189,24.21282771549086,10.098164715310912,8.069836251276755,3,2,55.21128464543241,329,1214.601121685842,2110.540625617864,0.3215490447010211,0.5587367818565635,3724.722093950495,0.326063737264073,0.5665919781962568,118,52.51686590371023,c1,rectum,t3,v2,23.0,3.0,-3.0,no,no,no,zigzag,,1.0,0.099,KJ5wkdcpoac,220,0.633810065400189,mixed,0.01393073849280526
c1_rectum_t3_v3,709291,23220.49946656719,582067,127224,19444.93261709036,3775.566849476837,0.1793678476112061,0.1625962807093313,142,2393.650933003624,1330.7913031948287,22.500710071347303,10.131921611069629,8.146823985473176,3,2,55.20589664331548,329,1214.901907309983,2110.6755120498665,0.3217800017177093,0.5590353968550003,3724.442236198452,0.3261728779650834,0.5666560001188451,137,51.03474896396156,c1,rectum,t3,v3,23.0,3.0,-3.0,yes,no,no,zigzag,"red debris, foam",1.0,,mLNsoW13WS4,220,0.633984518996214,mixed,0.01354091062788856
c1_rectum_t4_v1,709291,23220.52330311266,566941,142350,18916.94680184429,4303.576501268373,0.2006933684482109,0.1853350350933515,86,2271.6975083487728,2017.843446165412,9.788299331141058,0.9054513174045322,0.2176227999302296,2,2,53.78117794643397,329,1248.2019915057604,2322.8977983680097,0.2900382951570359,0.539759848043457,4289.540954514185,0.2909823933913304,0.5415105738445107,83,14.014448743097208,c1,rectum,t4,v1,12.0,3.0,-4.0,no,no,no,,backup and forward,2.0,0.1515,PNmwyj9dw4w,324,0.5278626992407933,mixed,0.003261368015661317
c1_rectum_t4_v2,709291,23220.51402488716,590128,119163,19699.95410320628,3520.5599216808787,0.1680029776213148,0.1516142113782508,101,2201.20698193996,1313.2482633788,2.8821723153512897,0.0961406151866384,0.0869038527800799,2,2,52.94019055078189,329,1176.239832331909,2076.491011309716,0.3341058974989175,0.5898183975003336,3514.45524531876,0.3346861459273084,0.5908428234598898,96,6.104325119958957,c1,rectum,t4,v2,9.0,3.0,-4.0,no,no,no,,withdrawal with oscillatory motion,3.0,-0.5389,CzzXGbyYKac,457,0.6252434359614596,mixed,0.0017340072312145758
c1_rectum_t4_v3,709291,23220.51402488716,590170,119121,19701.275510768093,3519.2385141190653,0.1679437635610771,0.1515573044742779,80,2201.902953051341,1311.723475544328,2.89392935686884,0.1075881954651525,0.0905252557122231,2,2,52.94855912575998,329,1175.7177122353492,2075.8144380693448,0.3340829862819498,0.5898476132666904,3513.626428595669,0.3346164952088046,0.590789638292131,74,5.611734297758419,c1,rectum,t4,v3,9.0,3.0,-4.0,yes,no,no,,"fecal debris, withdrawal with oscillatory motion",3.0,,OmG4PL9lPIw,457,0.6256759649047318,mixed,0.0015946874589147925
c1_sigmoid1_t1_v1,439984,18908.153825839683,248387,191597,11937.20443782548,6970.949388014202,0.4354635623113568,0.3686742477463757,826,6269.099582723116,294.79382390013745,285.0839014055942,25.67829692799757,23.70763044855098,5,3,89.3424059369669,2190,1060.8808392655856,1780.2742942306995,0.1521859907761855,0.2553847682916318,6848.977308028848,0.1507694073180484,0.2539576862930475,812,92.99801861978902,c1,sigmoid1,t1,v1,30.0,2.0,2.0,no,no,no,zigzag; fast,,1.0,1.722,lZ6BQfN0kuY,191,0.8993179025947541,monolithic,0.01749719775545512
c1_sigmoid1_t1_v2,439984,18908.15238377757,223340,216644,10762.454925219992,8145.697458557583,0.4923906323866322,0.4308034594403978,453,7712.6668206612285,151.91449984714566,130.89693795062354,118.8628419180262,2.966822286807617,4,4,99.0962783934528,2190,1129.713421727418,1889.693332733788,0.1386883600176656,0.2319866828283123,8114.341100377024,0.1380205729393522,0.2312347583506086,396,21.537295224127988,c1,sigmoid1,t1,v2,30.0,2.0,2.0,no,no,no,fast ; textureless enface; saturation,en face on a texture less surface,1.0,0.8981,jFERxLlLhyU,307,0.9468393418612144,monolithic,0.0038494381039913803
c1_sigmoid1_t1_v3,439984,18908.15238377757,223307,216677,10762.3744712685,8145.777912509073,0.4924656351140041,0.4308077144278686,432,7715.560752027862,151.6729743125196,131.45625446916267,118.97539232340988,2.608112978075295,4,4,99.11486800318328,2190,1130.9520270755795,1891.3405244656296,0.1388390451130311,0.2321866057213751,8117.665373132954,0.1381621138846119,0.2313609881536157,376,18.66267113212356,c1,sigmoid1,t1,v3,30.0,2.0,2.0,yes,no,no,fast ; debris on lens ; water on lens,scope dips in mucous pool & lens cleaning there after,1.0,,cz5aTlvfG2c,307,0.9471852577983316,monolithic,0.0034511792094096406
c1_sigmoid1_t2_v1,439984,18908.15863522305,279030,160954,12917.372726651847,5990.785908571203,0.3658178479217426,0.3168360295756812,430,4026.181232037945,989.2594432404322,375.1794284441938,360.6164336459028,107.01259011610684,7,5,71.59813656025727,2190,1059.5071597972471,1835.9391058526128,0.1768561213782281,0.3064604767841692,5858.249127484581,0.1803901449459029,0.3128886949505555,115,865.595892615626,c1,sigmoid1,t2,v1,12.0,3.0,-2.0,no,no,yes,,Side to side movement,2.0,-1.0434,1JDPSUAE2Jk,354,0.672062279220755,mixed,0.022123438077965532
c1_sigmoid1_t2_v2,439984,18908.15869410621,281387,158597,13108.360219718,5799.798474388211,0.3604608349394523,0.3067352336214548,1466,3737.7991366831375,554.0475189609326,464.3714039248806,463.1949809675572,236.12142797127825,8,6,68.98632959581138,2190,995.5779726167624,1735.1688854033944,0.1716573389598301,0.299177444365673,5646.529243600585,0.1678446265430793,0.2972428989730524,341,1032.997235220018,c1,sigmoid1,t2,v2,16.0,3.0,7.0,no,no,yes,loop ; textureless surface; saturation,first half and and second half of the video has the same waypoints,3.0,-0.0947,L-16CZi1Nio,286,0.6444705196549813,mixed,0.026426647661028202
c1_sigmoid1_t2_v3,439984,18908.15869410621,281495,158489,13107.762483930688,5800.396210175522,0.3602153714680534,0.3067668462071635,1550,3738.065793860281,554.7753824743876,463.98264927681646,463.4985032539138,236.42745312919948,8,6,68.98879031817233,2190,994.6467201725936,1734.831768510035,0.171479099725585,0.2990884942422818,5647.992323015585,0.1677326879915943,0.2972391767616303,353,1032.591253613367,c1,sigmoid1,t2,v3,16.0,3.0,7.0,yes,no,yes,loop; saturation,fov covered by mucous pool & fecal debris in the middle of videos,3.0,,qV1VrmmxeTI,286,0.6444500786519832,mixed,0.0262747373864872
c1_sigmoid1_t3_v1,439984,18908.151345553342,281653,158331,13094.757403365167,5813.393942188177,0.3598562675006364,0.3074543796453861,434,3614.214960353045,1565.9898292030307,221.6841706706333,174.78573608128528,88.64805982487444,7,6,67.83628388034626,2190,1141.119322175707,2039.3855093037696,0.1962914148815084,0.3508080700507524,5749.690677509394,0.1980666404611612,0.3531291075068371,91,630.8917466415373,c1,sigmoid1,t3,v1,11.0,3.0,-2.0,no,no,yes,,,1.0,-0.2262,ESR8l8eHrN0,330,0.6217048072597408,mixed,0.010958016145522814
c1_sigmoid1_t3_v2,439984,18908.1609419046,325235,114749,15077.74959989503,3830.411342009568,0.2608026655514746,0.2025797936551588,505,1125.1376494167866,1027.9905533343494,422.7596499804541,400.0470032892731,170.78231861108938,13,9,37.849303144282864,2190,955.5923888702458,1657.3687431211802,0.249475135578757,0.4326868827230619,3608.9922427108672,0.2558841551651261,0.4488448602666954,242,1831.9726513558808,c1,sigmoid1,t3,v2,15.0,3.0,-2.0,no,no,yes,textureless enface,side to side movement,2.0,-0.8633,uqTh9y03szc,464,0.293738073787788,fragmented,0.05780556695577684
c1_sigmoid1_t3_v3,439984,18908.1609419046,325276,114708,15080.883532517377,3827.277409387223,0.2607094803447398,0.2024140486822884,498,1125.886836090007,1027.5739007546183,422.9762461563799,399.8445950791077,171.30812535784344,13,9,37.861902258161216,2190,955.638371129078,1657.559278441897,0.2496914304631195,0.433090968106042,3608.91198666614,0.2559799443664322,0.4488833768343993,271,1829.520181311393,c1,sigmoid1,t3,v3,15.0,3.0,-2.0,yes,no,yes,,blood pool covers the entire fov,2.0,,XzA56ACBlLc,464,0.2941743478872283,fragmented,0.057055028774630874
c1_sigmoid1_t4_v1,439984,18908.16044332568,308094,131890,14326.963010078773,4581.197433246905,0.299760900396378,0.2422867865426859,470,1912.228502208114,1034.2747725257595,688.4724758615646,321.23000196862256,184.21070498890649,10,7,49.34293209347273,2190,1103.318921375481,2015.542125188296,0.2408363615522041,0.4399596731110076,4368.28859388093,0.2362772899170217,0.444051125387058,187,1563.5026276751748,c1,sigmoid1,t4,v1,10.0,3.0,0.0,no,no,yes,loop,,3.0,-1.4099,nzFHSttnBnk,447,0.4174080096025963,mixed,0.04647449547160794
c1_sigmoid1_t4_v2,439984,18908.16044332568,272907,167077,12595.01654631173,6313.143897013946,0.3797342630641114,0.3338846164298548,390,4144.173344802606,652.0625228520802,537.0361748372654,533.6232449598308,389.99136663052974,6,5,72.63969564115799,2190,989.3894895030764,1773.6595937553434,0.1567189827513749,0.2809471196426025,6256.886654082312,0.1519973815392649,0.2772470307399609,191,1088.5575612341377,c1,sigmoid1,t4,v2,7.0,3.0,0.0,no,no,yes,textureless enface,wait in between; enface to down the barrel,3.0,-1.0102,MaRks7jdGsc,708,0.6564357493518813,mixed,0.008911129517932114
c1_sigmoid1_t4_v3,439984,18908.16044332568,272921,167063,12594.603527074632,6313.556916251045,0.3797024437252264,0.3339064598682123,383,4144.201208421639,652.120160296509,537.729744045406,533.1094761130956,389.98893600165536,6,5,72.63993983960668,2190,989.3666666836104,1774.242941790632,0.1567051156436063,0.2810211367895877,6257.149524878305,0.1519829507487884,0.2773542070186205,197,1088.8599929150162,c1,sigmoid1,t4,v3,7.0,3.0,0.0,yes,no,yes,water jet,"water jet, cleaning foam, enface to down the barrel",3.0,,Lg3KMemKUxk,708,0.6563972200447736,mixed,0.008934328480915141
c1_sigmoid2_t1_v1,133959,14214.752282318215,101092,32867,10790.659471343326,3424.092810974892,0.2453511895430691,0.2408830448093093,33,2609.805898937167,804.4172388429452,3.876107104595985,3.069562873133288,1.1021624124933411,2,2,57.64467082575718,1231,1292.8738501697908,2187.462623300499,0.3775814271230837,0.6388444309363492,3414.223137780112,0.3782133744930353,0.6402121657636197,25,8.300677237004399,c1,sigmoid2,t1,v1,25.0,2.0,-3.0,no,no,yes,,,1.0,0.2442,fbw8tLZLqUo,132,0.7621890068435718,monolithic,0.002882419881594702
c1_sigmoid2_t1_v2,133959,14214.741945964555,113114,20845,12102.964081819537,2111.777864145019,0.1556073126852246,0.1485625185580336,26,864.6747413058338,478.27852616068094,286.1525140232088,255.78116124812084,203.7251268669171,6,5,33.18038688689803,1231,1206.314410546675,1867.3221660676268,0.57123167688618,0.8842417556183811,2088.612069604761,0.5773739805582402,0.8937748423285485,15,22.76164846326807,c1,sigmoid2,t1,v2,18.0,2.0,-3.0,no,no,yes,zigzag,,1.0,0.8931,Ijv0r22hHSc,152,0.4094534543555833,mixed,0.010969806499812206
c1_sigmoid2_t1_v3,133959,14214.741945964555,113113,20846,12102.86826688543,2111.8736790791245,0.1556147776558499,0.1485692590908178,30,864.021774766478,478.27852616068094,286.48482330895297,255.78116124812084,203.89836043870235,6,5,33.167856294082945,1231,1206.5867086230692,1867.2392528131825,0.5713346970398331,0.8841623773763712,2088.4646459229352,0.5775496633935161,0.8937211655084019,18,23.01437779517013,c1,sigmoid2,t1,v3,18.0,2.0,-3.0,yes,no,yes,zigzag,flowing blood foam,1.0,,oylnZBm_1-0,152,0.4091256893467377,mixed,0.01108448549176329
c1_sigmoid2_t2_v1,133959,14214.746209726634,114977,18982,12287.34700070675,1927.3992090198844,0.141700072410215,0.1355915315393415,21,1082.8812767736645,823.5755285239004,20.600321058460143,0.1533756812910526,0.1258988485104291,3,2,37.13175546404361,1231,1118.395276092958,1665.0750950576012,0.5802613547100506,0.8638973634861666,1906.4568052975649,0.5865233118069317,0.8732090203933506,15,20.7284868893518,c1,sigmoid2,t2,v1,10.0,3.0,4.0,no,no,yes,saturation,,1.0,0.4829,U3fwSpPilaU,400,0.5618354888317756,mixed,0.010865628471939044
c1_sigmoid2_t2_v2,133959,14214.746209726634,102419,31540,10915.684030131786,3299.062179594848,0.2354451735232421,0.232087307850591,24,2425.529651103944,818.1089041601699,53.9100440066026,0.4023060289643911,0.264606378960975,3,2,55.57229767351016,1231,1305.526442841987,2142.418917724915,0.3957265343214345,0.64940240622807,3243.638555264113,0.4024385574579456,0.6602997517147028,19,55.26240258421209,c1,sigmoid2,t2,v2,15.0,3.0,4.0,no,no,yes,saturation,,1.0,-0.8085,isWmc6sUDdg,239,0.7352179252959151,monolithic,0.016799811980973647
c1_sigmoid2_t2_v3,133959,14214.746209726634,101616,32343,10826.034083727604,3388.712125999031,0.2414395449353907,0.2383941349357513,27,2514.9824571599493,818.5809753627088,53.58336416839646,0.2618227831496383,0.2475776104951683,3,2,56.58776474443265,1231,1311.0886825621023,2162.384023853378,0.3868988081056246,0.6381138153527522,3333.5634325226583,0.3932129737951776,0.6484401301048044,20,54.86040155136449,c1,sigmoid2,t2,v3,15.0,3.0,4.0,yes,no,yes,saturation,blood,1.0,,UsaHXU27spg,239,0.7421646819345872,monolithic,0.01627423381681149
c1_sigmoid2_t3_v1,133959,14214.743178261037,107180,26779,11443.053825871284,2771.6893523897515,0.1999044483759956,0.1949869454292052,19,1592.2438491169964,854.8318877834281,310.3013394843988,13.698505737384048,0.1990145159803126,3,3,45.02563529320922,1231,1258.2425509445204,1974.0652790572155,0.4539623280147406,0.7122245778933255,2757.377076384824,0.4562172970354889,0.7156996451580603,12,14.032841756310855,c1,sigmoid2,t3,v1,9.0,1.0,-2.0,no,no,yes,,,1.0,0.8146,UAwmLFS9Pdo,255,0.5744669213179187,mixed,0.005163737412559668
c1_sigmoid2_t3_v2,133959,14214.743748654171,105091,28868,11271.811272847,2942.932475807172,0.2154987720123321,0.2070338043262864,55,1466.0252948280822,855.4065834362156,423.1346229388696,102.15268498193414,42.73378518936476,6,4,43.204182424357256,1231,1164.694796316346,1766.920743431236,0.3957599455274284,0.6003945921139814,2846.719186185101,0.4063168502119337,0.6177532938178384,42,613.4757743951376,c1,sigmoid2,t3,v2,12.0,1.0,-2.0,no,no,yes,,,1.0,1.5916,EFsUHooJPHY,243,0.4981511831752064,mixed,0.0326929993851392
c1_sigmoid2_t3_v3,133959,14214.74559565788,105124,28835,11271.730834813614,2943.014760844265,0.2152524279816959,0.2070395661349898,57,1274.8279706946923,855.5563026619741,426.14217643997017,184.76303773502408,101.17210095674608,7,5,40.288477075002,1231,1164.9179207477412,1766.4756554824132,0.3958246952229218,0.6002265700412808,2842.461588488407,0.4071020936860816,0.6187062848221162,48,620.1215929007288,c1,sigmoid2,t3,v3,12.0,1.0,-2.0,yes,no,yes,,dry fecal debris,1.0,,23PmxgasD2g,243,0.4331707702101302,mixed,0.03416672376016635
c1_sigmoid2_t4_v1,133959,14214.747406219623,118593,15366,12674.96907824487,1539.778327974751,0.1147067386289834,0.1083225951170279,37,818.9843418535133,320.39720306186814,207.0661395950349,106.42375761777066,78.00511317534782,5,4,32.29184495452055,1231,1014.3144858850178,1430.3294248358957,0.6587405910688011,0.9289190520801706,1452.871442128187,0.648082355530552,0.9304302389026476,23,8.449986585997523,c1,sigmoid2,t4,v1,10.0,3.0,4.0,no,no,yes,,,1.0,0.774,V-VPmiHOzXE,390,0.5318845751847359,mixed,0.05644116706128171
c1_sigmoid2_t4_v2,133959,14214.747406219623,109535,24424,11697.028648456328,2517.718757763295,0.1823244425533185,0.1771201897447487,37,1864.5488759922084,631.3851298552698,18.46225810370665,1.102873625531705,0.3160427694089799,2,2,48.72388902791709,1231,1165.2616282171175,1913.164013722112,0.4628243820419081,0.7598799539555161,2495.934005847478,0.4658195164750826,0.765391324254834,22,19.17789545628783,c1,sigmoid2,t4,v2,10.0,3.0,4.0,no,no,yes,,,1.0,0.8847,jKmvNcw7Ay0,428,0.7405707528860955,monolithic,0.008652575609823236
c1_sigmoid2_t4_v3,133959,14214.747406219623,106550,27409,11370.090687584116,2844.656718635505,0.2046073798699602,0.200120103252122,42,2184.460436737828,638.9994632681421,17.531024687796453,1.102873625531705,0.3160427694089799,2,2,52.738424435738,1231,1178.7421025678643,1988.2208839523823,0.4143705969320864,0.698931744884167,2823.4599000059698,0.4166182860365152,0.703231500183961,28,18.75974029498874,c1,sigmoid2,t4,v3,10.0,3.0,4.0,yes,no,yes,,yellow fecal debris & foam,1.0,,oTFIAJMj4pE,428,0.7679170644483412,monolithic,0.00745145046524385
c1_transverse1_t1_v1,319314,22485.38540429437,224061,95253,16049.706923558811,6435.678480735563,0.2983051165936977,0.2862160627901198,259,2980.30201067459,1492.7742472511134,1110.7743652101349,735.3943822430826,67.31513180527011,5,4,61.600636159414826,2424,1251.264122389494,2427.0028170605533,0.1944261395492338,0.3771168532308593,6319.245005378921,0.1979885264007085,0.3840049093351814,250,1962.4761070003767,c1,transverse1,t1,v1,20.0,3.0,-3.0,no,no,yes,,,1.0,-0.5916,mZh01rTd5HY,156,0.4630905691755373,mixed,0.018091872629307594
c1_transverse1_t1_v2,319314,22485.388827147217,217051,102263,15617.676482216071,6867.712344931142,0.3202584290071841,0.305430001576827,54,3999.2208689938298,1480.0919755503494,1027.5869683670185,164.11638570598367,163.92907660561775,5,5,71.35801397553793,2424,1264.728589992276,2499.1868227330106,0.1841557314097081,0.3639038295739901,6834.945275222799,0.1850272988096796,0.365628410116433,46,1388.322372181144,c1,transverse1,t1,v2,20.0,3.0,0.0,no,no,yes,,down the barrel,1.0,-0.1465,8l7qH4WWv0g,117,0.5823221282623373,mixed,0.004771176785313066
c1_transverse1_t1_v3,319314,22485.39443687436,217586,101728,15650.258311960652,6835.136124913701,0.3185829622252704,0.3039811529258562,53,3945.465068019169,1480.5448970019363,1033.681525991692,171.87355780017566,158.81209258180786,6,5,70.87680965572035,2424,1253.3623025604218,2491.962697012339,0.1833704961620272,0.3645812828700324,6790.377141394781,0.1845719277496566,0.3669664013888824,46,1409.0768564666114,c1,transverse1,t1,v3,20.0,3.0,0.0,yes,no,yes,,red debris,2.0,,QcZHNhEgdJ4,117,0.5772328445132442,mixed,0.0065483675381058995
c1_transverse1_t2_v1,319314,22485.40114106881,243739,75575,17273.325343354478,5212.075797714338,0.2366792561553831,0.2317982127610193,124,1492.455260976335,1244.921795775974,959.0588988414391,659.997142917282,406.0420569368876,9,7,43.59189210189329,2424,893.2161031843104,1627.703585984487,0.1713743502302891,0.3122946881736231,5038.260989949834,0.1745788696336989,0.3203608138929005,88,2770.1953646794964,c1,transverse1,t2,v1,7.0,2.0,2.0,no,no,yes,zigzag,Side to side movement,3.0,0.473,N0R-Fr1HwWM,673,0.2863456555314917,fragmented,0.03334848043474862
c1_transverse1_t2_v2,319314,22485.40018461994,239006,80308,17101.549248207648,5383.85093641229,0.2515016566765002,0.2394376302937608,51,2645.125727431953,1470.9484792262351,906.5368224366096,325.69229823807746,20.331486145432336,5,4,58.033427237780174,2424,1153.7964351070066,2153.653532985262,0.2143069057324008,0.4000210181191274,5348.303327332876,0.2157211931295939,0.4026427279542193,43,1267.7226696383202,c1,transverse1,t2,v2,17.0,2.0,2.0,no,no,yes,,,2.0,-0.3895,TS0bxnCjWL4,235,0.4913073854891349,mixed,0.006602636198375734
c1_transverse1_t2_v3,319314,22485.40018461994,239011,80303,17101.369146865887,5384.031037754052,0.2514859981084449,0.2394456399951796,50,2643.23280427536,1470.8045355560998,906.703171820347,325.99456518596344,21.04636817836389,5,4,58.01265838025876,2424,1154.490313652929,2154.3769307772154,0.214428614091817,0.4001419968923347,5346.73507683777,0.2159036349994199,0.4029124549156764,38,1269.882922737841,c1,transverse1,t2,v3,17.0,2.0,2.0,yes,no,yes,,blood,2.0,,L5URD4xbeJE,235,0.4909393697288165,mixed,0.006927144486120988
c1_transverse1_t3_v1,319314,22485.394248075227,237584,81730,17004.94752157852,5480.446726496709,0.2559549534314186,0.2437336284181826,68,3071.371324439879,1448.2703940336426,259.4176828045676,239.8265071385394,165.23944256379966,8,7,62.53472176992927,2424,1163.6462261290128,2224.450650476846,0.2123268930802755,0.4058885637410058,5395.972941640611,0.2156305623229173,0.4122059958853999,59,858.6420271184312,c1,transverse1,t3,v1,26.0,3.0,4.0,no,no,yes,fast; loop,"back to the same point, almost similar path front & back",3.0,0.3711,_xtxLtByf3E,203,0.560423534379141,mixed,0.01541366773034873
c1_transverse1_t3_v2,319314,22485.38693794382,219708,99606,15650.147988559476,6835.238949384343,0.3119374659426144,0.3039858272507625,316,2052.754432747517,1525.5517414113133,1367.255241840297,947.1097316092216,670.3384178413953,8,6,51.12385078810609,2424,1217.1110409648873,2324.3423865200743,0.1780641540080341,0.3400528355675744,6681.898683407657,0.1821373540597562,0.3476921138422432,307,3137.955962593953,c1,transverse1,t3,v2,21.0,3.0,4.0,no,no,yes,textureless enface,,3.0,0.8495,X4RUB5R63YQ,184,0.3003193374728195,fragmented,0.02243378280001428
c1_transverse1_t3_v3,319314,22485.38693794382,219666,99648,15648.21284337666,6837.174094567157,0.3120689979142787,0.3040718895981953,348,2052.2057399806467,1525.9599796087402,1364.279109361611,948.2633288308824,667.517044233321,8,6,51.11701773456513,2424,1216.6904437734486,2323.839455791396,0.1779522397623654,0.339883031154337,6676.88194063338,0.1822099478622743,0.3478933704325908,338,3140.2555028715133,c1,transverse1,t3,v3,21.0,3.0,4.0,yes,no,yes,,blood pool covers FOV,3.0,,TiAa1eqUdsU,184,0.3001540858249224,fragmented,0.023444211265754838
c1_transverse1_t4_v1,319314,22485.38961470768,227679,91635,16398.910926165387,6086.47868854229,0.2869745767489055,0.2706859339702581,70,4821.868705922526,1059.3473264862942,81.94979905228175,68.77781533287788,23.22637960239973,5,3,78.3542846046183,2424,1057.0128598062097,1944.5537494777209,0.1736657456463326,0.3194874818404138,5963.165831461101,0.1756604315254783,0.3244976288727211,23,113.79228048742364,c1,transverse1,t4,v1,15.0,3.0,0.0,no,no,yes,,,2.0,0.1491,lJWvSawG2WU,315,0.7922263352370928,monolithic,0.02026013125016323
c1_transverse1_t4_v2,319314,22485.38961470768,227508,91806,16393.643533979543,6091.746080728137,0.2875100997763956,0.2709201924054511,70,4919.060725233461,960.4750053635051,74.57170142273047,51.904236421809145,24.09093659188121,7,2,79.14001919585863,2424,1031.1592031938987,1873.5689113346823,0.1692715338966731,0.3075586024936118,5879.535730596967,0.162544610199659,0.3056806371799024,23,135.90166724737094,c1,transverse1,t4,v2,10.0,3.0,0.0,no,no,yes,,,2.0,0.0628,mZia7NzFt7U,626,0.8074960216735583,monolithic,0.03483571825203269
c1_transverse1_t4_v3,319314,22485.38961470768,228280,91034,16444.985045328252,6040.404569379425,0.2850924168686622,0.2686368647767793,72,4919.476916372341,922.7488468015752,73.82505671998751,37.898905342118525,24.40770064534612,7,2,79.14336705837744,2424,1007.6132967161868,1831.515082580332,0.1668122201324184,0.3032106643758294,5842.225763173917,0.1617262459865383,0.3027515707964002,26,135.40675037328032,c1,transverse1,t4,v3,10.0,3.0,0.0,yes,no,yes,,Foam and debris,2.0,,vAAXRQL8mpg,626,0.8144283813886584,monolithic,0.03280886303711119
c1_transverse2_t1_v1,150868,17898.362332061202,101972,48896,12325.40925071585,5572.953081345353,0.3240978868945038,0.311366647850377,61,2310.907011929504,1759.074114642778,695.5017334600079,247.6669593222304,204.46680718604944,7,7,54.24332393755397,1114,915.1497599733774,1578.072049844421,0.1642127157030457,0.283166218485992,5545.55631143865,0.1649631499702624,0.2844511723253928,52,2033.800521370724,c1,transverse2,t1,v1,20.0,3.0,0.0,no,no,yes,polyp,Straight towards the polyp,3.0,0.0387,H9W-P-i1x84,268,0.4146647169280731,mixed,0.004916023786098175
c1_transverse2_t1_v2,150868,17898.362696789743,110239,40629,13464.646489518062,4433.71620727168,0.2693016411697643,0.2477163013389438,69,1951.9763238694536,1140.3952591517634,973.1303279904324,219.6661388635406,40.31734453612322,7,4,49.85311871826436,1114,819.7935773040501,1552.5088445689626,0.1848998760812695,0.3501597242563051,4285.16804987519,0.184167650062582,0.3551563391260724,48,1091.074237951643,c1,transverse2,t1,v2,10.0,3.0,0.0,no,no,yes,loop ; polyp,inspect the polyp; start and end point is the same,3.0,-0.4842,U_XqPPsEQZ0,517,0.4402573896516071,mixed,0.03350420966341008
c1_transverse2_t1_v3,150868,17898.351801039513,110703,40165,13516.95886468172,4381.392936357793,0.2662261049394172,0.2447930952001584,73,1905.451122783761,1347.770003330134,969.6088408078688,33.90598665359542,32.19573437448726,7,3,49.2554131044325,1114,798.6533084929005,1511.5599973315952,0.1822829680181145,0.3449953061247549,4222.829966921764,0.1814886599709046,0.3503106808486168,44,1095.9142537326074,c1,transverse2,t1,v3,10.0,3.0,0.0,yes,no,yes,loop ; polyp,false positive  polyp-like fecal debris near poyp,3.0,,CD_P9lvW31A,517,0.434896196360727,mixed,0.03619008195321564
c1_transverse2_t2_v1,150868,17898.369560005798,113431,37437,13777.988522891268,4120.38103711453,0.2481440729644457,0.2302098536573738,78,1900.088912376092,825.2900362216319,632.1280109902112,285.215192356526,257.26299961913725,7,6,49.18605840835456,1114,740.1036411257543,1367.118095671196,0.1796201939721679,0.3317940946132928,4072.852835202529,0.1727893007787636,0.3267389964628362,50,1073.428648603976,c1,transverse2,t2,v1,12.0,2.0,3.0,no,no,yes,polyp; saturation,towards the polyp & inspect it,1.0,0.9139,ycOEQ760BOE,457,0.4611439804379619,mixed,0.011534904535257334
c1_transverse2_t2_v2,150868,17898.366243360928,122284,28584,14754.127733966772,3144.238509394155,0.1894636370867248,0.1756718164464006,62,1548.0993061351792,1259.9417497022653,85.62138930747018,84.87568172852698,70.69197497061165,7,4,44.39708611776652,1114,669.5916118771481,1223.6383544939654,0.2129582758676179,0.3891684268982957,2978.538126873442,0.2089107379498982,0.3890407839139704,48,288.8544397766007,c1,transverse2,t2,v2,12.0,2.0,3.0,no,no,yes,polyp; saturation,Inspect the polyp,1.0,0.6421,3FOnycgopS4,559,0.492360646786135,mixed,0.05269968611657301
c1_transverse2_t2_v3,150868,17898.366243360928,122309,28559,14757.364045187562,3141.0021981733644,0.1892979293156932,0.175491000433543,61,1548.029195376428,1257.837659076025,86.22961690723821,84.1269184572902,70.6061596543272,7,4,44.39608077249414,1114,669.3275975482526,1222.4910867938515,0.2130936418756717,0.3892041487601587,2976.2233898169816,0.2092127016876501,0.3891707838932253,50,288.47148238224617,c1,transverse2,t2,v3,12.0,2.0,3.0,yes,no,yes,polyp; saturation,yellow foam,1.0,,4TJbDz6ZU40,559,0.4928456262388729,mixed,0.05246058358450357
c1_transverse2_t3_v1,150868,17898.36840844705,98862,52006,12140.022644382969,5758.345764064081,0.3447119336108386,0.3217246193986294,33,2358.835575032108,1718.8921718408767,1557.0710320261835,50.54573456585506,34.356191280514665,6,3,54.80294457106285,1114,831.1434742579737,1539.1597705347806,0.1443371947973085,0.2672920025296439,5634.798778899169,0.1437165445003488,0.2669897825394898,24,1659.288352391297,c1,transverse2,t3,v1,20.0,3.0,4.0,no,no,yes,,swinging exploratory motion,1.0,1.8649,KJUb2D-RULE,578,0.4096377104954022,mixed,0.021455291194205257
c1_transverse2_t3_v2,150868,17898.360980346763,110157,40711,13503.655161807505,4394.705818539258,0.269845162658748,0.2455367741976402,44,1902.2452573234805,1807.1966434982053,352.23558173816184,105.68137598929974,79.5721619278514,8,5,49.21396026951266,1114,679.9048880994202,1296.2187580096213,0.1547099888304723,0.294950062992036,4246.931020476999,0.1461657819163406,0.2902656081068022,31,626.1150229709349,c1,transverse2,t3,v2,17.0,3.0,4.0,no,no,yes,straight line,straight line motion backing up,1.0,0.6416,ubBOpvW0CJY,249,0.4328492818105767,mixed,0.03362564052384682
c1_transverse2_t3_v3,150868,17898.360980346763,110172,40696,13507.738724510416,4390.622255836348,0.269745737996129,0.2453086213121668,46,1899.9297696183512,1807.051982082024,350.00107174938955,105.77374463611848,79.15515518777659,8,5,49.18399856556655,1114,680.2267665809497,1296.8250794696896,0.1549271895747216,0.2953624802830285,4241.91172327366,0.1464821590343226,0.2907744114089158,35,624.778125213153,c1,transverse2,t3,v3,17.0,3.0,4.0,yes,no,yes,straight line,yellow fecal matter; straight line motion backing up,1.0,,eRzIB4ZReVQ,249,0.432724488446443,mixed,0.03387003570280072
c1_transverse2_t4_v1,150868,17898.36691449865,114794,36074,14074.51416666296,3823.8527478356928,0.2391096852878012,0.213642549965727,39,1785.1063230750651,1604.9003798859376,198.8082343961496,122.30427323625564,58.51838055809334,7,4,47.67460500199196,1114,755.9305858412546,1408.455575288795,0.1976882049836026,0.36833415619521,3711.119210593408,0.1965906699184137,0.3678916673054776,23,407.4868707910882,c1,transverse2,t4,v1,12.0,2.0,0.0,no,no,yes,,,3.0,-0.5096,RXnRHyYE2r8,258,0.4668344836462226,mixed,0.02948166278267171
c1_transverse2_t4_v2,150868,17898.36691449865,122689,28179,14985.078680850354,2913.2882336482967,0.1867791711960124,0.1627683825884905,46,1095.6429839190712,734.9717046617011,544.5480050750725,202.6606028051136,123.45727841138566,8,6,37.34991263761394,1114,560.9991019484643,909.4283184537372,0.1925656018065633,0.3121655825022382,2817.08780342453,0.1915157238015461,0.3105053793960473,34,945.3838242522304,c1,transverse2,t4,v2,12.0,2.0,0.0,no,no,yes,zigzag,,3.0,0.8025,GJb2d7k1ARw,419,0.3760846493884344,mixed,0.0330212538233112
c1_transverse2_t4_v3,150868,17898.36691449865,122710,28158,14985.902935228249,2912.4639792704043,0.1866399766683458,0.162722330656388,45,1095.9344228770626,735.9958598930687,543.5450089006728,202.6325249052631,122.52578457894244,8,6,37.35487981032176,1114,559.9824307646625,908.3508270349464,0.1922710236934647,0.3118839695529885,2815.878379731968,0.1912762629710126,0.3102954257609434,31,943.9171806146531,c1,transverse2,t4,v3,7.0,2.0,0.0,yes,no,yes,zigzag,,3.0,,X5nWILoo3eU,419,0.3762911509558319,mixed,0.03316284775567659
c2_ascending_t1_v1,734680,25296.446633707463,585416,149264,20219.628681685565,5076.817952021898,0.2031687265203898,0.200692928360027,303,1768.1973079164331,1098.987746910539,1008.6513058196712,1008.5616863959228,95.39815652139436,7,5,47.44827431354548,2060,1109.8587623552944,1929.0678255723265,0.2186130707943311,0.3799757729748915,4979.79620356396,0.2101890556154338,0.374602368657958,277,2146.472796024063,c2,ascending,t1,v1,40.0,2.0,2.0,no,no,yes,fast ; exploratory; polyp ,exploratory motion,2.0,0.8501,ozqeovNOIfE,283,0.3482884997308657,fragmented,0.019110740108239932
c2_ascending_t1_v2,734680,25296.45292756805,533983,200697,18417.008917007566,6879.44401056049,0.2731760766592258,0.2719529109578551,131,2244.836378851598,1757.600808773385,1386.7088678428445,1077.5444677337507,199.9476187307565,8,6,53.462271266884464,2060,1313.6691698312986,2451.9360895735867,0.1909557179060855,0.3564148622780665,6779.144157677968,0.1832780106194151,0.351120462117045,116,2805.8057080256563,c2,ascending,t1,v2,20.0,2.0,-3.0,no,no,yes,polyp ; water on lens ; exploratory; saturation,"exploratory motion with close up to the two polyps, lens cleaning and water on lens in the later portion of the video",2.0,-0.2865,qLPYiL_OFzs,515,0.3263107273502912,fragmented,0.014579645205129011
c2_ascending_t1_v3,734680,25296.45292756805,533958,200722,18415.792528788315,6880.660398779744,0.2732101050797626,0.2720009962851829,129,2244.5337936478163,1758.253436776399,1387.086526418454,1077.768886960323,200.03651652723323,8,6,53.45866801152862,2060,1313.1563653240476,2451.764244470364,0.1908474316734088,0.3563268788712742,6780.318165910781,0.1831420942152244,0.3509878762111245,108,2806.478471381912,c2,ascending,t1,v3,20.0,2.0,-3.0,yes,no,yes,polyp ; exploratory ; water jet; saturation,cleaning foam of the polyp,2.0,,Ex6d3rG_fTg,515,0.3262090647644628,fragmented,0.014583227052850702
c2_ascending_t2_v1,734680,25296.45676488055,491188,243492,16904.290557010863,8392.166207869688,0.3314259269341754,0.3317526357889243,107,3472.084074860328,1834.2484002058536,1574.8443528297698,1172.9699926980622,184.1082781900474,7,6,66.48905734598267,2060,1421.160313199873,2713.994801471821,0.1693436805228179,0.323396216691561,8343.22022318326,0.1681792453616169,0.3231111539890463,100,3067.8299006243765,c2,ascending,t2,v1,13.0,3.0,-2.0,no,no,yes,polyp ,45 deg turn of robotic arm,2.0,0.5087,Qp2iyiBW45I,395,0.41372918372427,mixed,0.005832342147910579
c2_ascending_t2_v2,734680,25296.46569704388,487116,247564,16800.57958088024,8495.886116163634,0.3369684760712146,0.3358526925425972,82,3271.2236892076617,1894.495021023965,1737.240151624154,1220.5336504630968,170.3427933626892,7,6,64.53720911825707,2060,1446.0575598530054,2887.1818908180767,0.1702067965696768,0.3398329322382443,8402.889849354082,0.1705209133409189,0.3420046069504698,75,3316.978297893996,c2,ascending,t2,v2,10.0,3.0,-2.0,no,no,yes,zigzag,swinging exploratory motion,1.0,1.1417,6b-rqr3wg4k,444,0.3850361980469673,mixed,0.010946035003061582
c2_ascending_t2_v3,734680,25296.46569704388,487120,247560,16800.348285296073,8496.117411747799,0.3369630315239287,0.335861835937842,92,3271.874498156187,1894.3913166351645,1737.409599436127,1219.8847274158816,170.32334196719404,7,6,64.5436286279519,2060,1445.8919586398365,2886.992035969576,0.1701826715154106,0.339801334663485,8403.482626575842,0.170486048661076,0.3419607084438943,85,3316.636186313527,c2,ascending,t2,v3,10.0,3.0,-2.0,yes,no,yes,zigzag,"blood, foam, red debris",1.0,,WkPDh3ZMIUs,444,0.3851023166925733,mixed,0.010903190325956175
c2_ascending_t3_v1,734680,25296.470020065583,541906,192774,18755.74394434968,6540.726075715911,0.2623917896226929,0.2585627983085267,300,1911.9054356334416,1862.555667509468,1203.3817573746896,620.6829970034003,392.8284192571247,8,7,49.3387637303835,2060,1000.8059836124472,1813.6171147589391,0.1530114504149915,0.2772807015252402,6460.430575057683,0.1511547411879079,0.2767286647391048,260,3640.3777198687626,c2,ascending,t3,v1,25.0,2.0,6.0,no,no,yes,polyp ; fast ; saturation,"polyp in focus, high saturation in images",3.0,-1.2219,ujYcnSfoSEw,340,0.2923078284430639,fragmented,0.012276236572013776
c2_ascending_t3_v2,734680,25296.470020065583,525435,209245,18153.586312138345,7142.883707927243,0.2848110742091795,0.2823668164870983,127,2714.9763945817776,1786.1266703043448,1301.2568364897202,1086.2885134076246,119.0656946916524,6,6,58.79468775836824,2060,1305.868937436859,2455.577099728056,0.1828209713098916,0.3437795154081581,7103.210740384613,0.1818190702663357,0.3436348855348772,113,2627.410878326844,c2,ascending,t3,v2,20.0,2.0,-2.0,no,no,yes,polyp ; fast ,Wait in front of the polyp,3.0,-1.3121,TVE-ox8LQkw,522,0.3800952816253567,fragmented,0.005554194799307994
c2_ascending_t3_v3,734680,25296.470020065583,525507,209173,18156.163608966795,7140.3064110987925,0.2847130723580334,0.2822649328319319,126,2713.938919760325,1786.0690456801276,1300.5057916330293,1085.3855693133328,119.4451412217024,6,6,58.783453068314,2060,1305.7758015528905,2455.177141053456,0.1828739169404846,0.3438475885624688,7100.86969249794,0.1818493888078417,0.3436692726827733,107,2625.811457690326,c2,ascending,t3,v3,20.0,2.0,-2.0,yes,no,yes,polyp ; fast ; water jet ,"water jet; Cleaning polyp, blood foam, ",3.0,,HVe71mdQ0Gk,522,0.3800871788277624,fragmented,0.0055231129212537445
c2_ascending_t4_v1,734680,25296.47302042138,524394,210286,18131.524758587628,7164.948261833752,0.2862280176403332,0.283239021346953,296,2045.557700492643,1855.7755452451208,1655.9790235658425,1162.6344000198196,176.99497460417032,9,6,51.03415479171532,2060,1410.5540373485744,2557.84570874582,0.1968686982517813,0.3569943027182699,7004.352480093173,0.1996741781888509,0.3634476751174853,282,3251.6493039550573,c2,ascending,t4,v1,40.0,3.0,4.0,no,no,yes,mirrored path ; water on lens ; fast ; polyp,first half of path is the same as second half; lens cleaning and water on the lens in the middle,3.0,-0.2158,shSjHJlIw5o,292,0.2854951111634567,fragmented,0.022414088123432832
c2_ascending_t4_v2,734680,25296.480542150886,539732,194948,18659.62366636128,6636.856875789616,0.2653509010725758,0.2623628557629109,244,1816.069541357744,1814.0216217240493,1293.7414902375865,1167.375934776487,319.79536161782727,8,6,48.08629280830172,2060,1019.1242067524164,1896.9523166363977,0.1535552484896951,0.285820886624244,6537.735624086091,0.1487636727827845,0.282771488848195,212,3480.499200563768,c2,ascending,t4,v2,30.0,3.0,-2.0,no,no,yes,polyp ; water jet ; water on lens ,"close up of polyp, water jet to on first polyp, lens cleaning and water on lens near second polyp",3.0,-1.2265,S2siIi2omoo,455,0.2736339769481134,fragmented,0.014934969000929698
c2_ascending_t4_v3,734680,25296.480542150886,539742,194938,18659.94066099896,6636.539881151926,0.2653372897043611,0.2623503245873918,237,1815.9964416201465,1813.7318257603647,1294.6476445027993,1166.2639047957214,319.71700104746753,8,6,48.08532502301623,2060,1019.0976711477762,1897.8136426628816,0.1535585846537379,0.2859643242787945,6537.143752614953,0.1487672513927888,0.2829337871883686,205,3479.311031917272,c2,ascending,t4,v3,30.0,3.0,-2.0,yes,no,yes,polyp ; water jet ; water on lens ,cleaning up polyp using water jet; lens cleaning an water on lens,3.0,,q2MfKAFFEs4,455,0.2736360323513851,fragmented,0.014977101067268947
c2_cecum_t1_v1,544037,19988.33841599707,445878,98159,16876.78050906036,3111.557906936708,0.1804270665414301,0.1556686625060573,39,1724.1832840492443,968.45641383409,258.7662260240554,158.72202349109642,0.8699920505073039,4,4,46.85401092353607,1201,899.7350004165776,1580.9735988686398,0.2891590088716543,0.5080971160279931,3110.1279473984864,0.2892919569978381,0.5083196585285457,35,1.4299595382212047,c2,cecum,t1,v1,30.0,3.0,0.0,no,no,no,fast ; exploratory ,exploratory exploratory motion,1.0,0.6218,h8-p-8Pdwac,304,0.5541221907538537,mixed,0.0004595638522533503
c2_cecum_t1_v2,544037,19988.331242789336,480077,63960,18050.931533039315,1937.399709750024,0.1175655332266003,0.0969265360983512,63,906.7630545653128,554.8334591581365,246.7425665466139,130.01548260759222,87.59072558098471,5,5,33.97832513202209,1201,781.7769809275625,1265.9417473679816,0.4035186838282497,0.6534231119149502,1925.94528845864,0.405855085293098,0.6571721801714832,55,141.3476122886349,c2,cecum,t1,v2,60.0,3.0,0.0,no,no,no,fast ; zigzag,"fast zizag pendulum like motion, wait in the middle",2.0,-0.5393,4Jsq4z8ON6M,431,0.4680309643910855,mixed,0.005912265411075793
c2_cecum_t1_v3,544037,19988.331242789336,480087,63950,18051.16997296005,1937.1612698292847,0.1175471521238445,0.0969146071425098,58,903.6761059014824,555.850627706235,247.10645453450545,129.89686053692807,88.59894775513888,5,5,33.92043858304382,1201,782.5384540452043,1262.7325029970198,0.4039614389534882,0.6518468661663362,1925.128996434289,0.4059207635895795,0.6553136006233616,52,140.84051212776677,c2,cecum,t1,v3,60.0,3.0,0.0,yes,no,no,fast ; zigzag ; water jet ; water on lens ,fast zizag motion with water jet on foam and lens cleaning & water on lens immediately afterwards,2.0,,AMWlVyGLMjE,431,0.4664950306285652,mixed,0.006211291533851251
c2_cecum_t2_v2,544037,19988.33634563647,456981,87056,17315.307302615918,2673.029043020555,0.1600185281515779,0.1337294408498427,37,2608.1904566877565,46.49475922939691,15.708579920461746,2.0805812288718686,0.0506274205100375,2,1,57.62682734331047,1201,830.5564980621419,1271.4138453828875,0.3107173490055323,0.4756453539861933,2608.1904566877565,0.3007756303503691,0.4695335971313279,29,18.082183461205457,c2,cecum,t2,v2,20.0,3.0,-2.0,no,no,no,exploratory,"exploratory motion, ICV",3.0,-3.41,jh-WiYjS7n0,452,0.9757434037231671,monolithic,0.02425659627683287
c2_cecum_t2_v3,544037,19988.33634563647,456970,87067,17314.61003477453,2673.7263108619404,0.1600387473646093,0.1337643245855038,39,2608.377980368939,47.00326742206792,15.557052167651976,2.1339895298608864,0.0510433533870925,2,1,57.62889893293269,1201,830.127837292598,1271.4520956491706,0.3104759952132072,0.4755356187669362,2608.377980368939,0.3003971913071273,0.4692965027997794,28,18.08987887706171,c2,cecum,t2,v3,20.0,3.0,-2.0,yes,no,no,exploratory ,"blood pool, ICV",3.0,,a7zSKzEEwd0,452,0.9755590801393824,monolithic,0.0244409198606176
c2_cecum_t3_v1,544037,19988.33529612493,498699,45338,18604.474948219853,1383.860347905073,0.083336243674603,0.0692333967488206,67,643.0739557565175,374.5263945001544,131.56794266267428,118.86230945901931,102.42750167794875,5,5,28.614457720852734,1201,605.995025124024,961.9722707542594,0.4379018634657727,0.6951368121866633,1370.4581040563144,0.4401751853197257,0.6999257348451768,56,142.21681131331732,c2,cecum,t3,v1,50.0,2.0,2.0,no,no,no,fast ,"Fast motion, bumping against the wall",2.0,-0.918,o4sHrW9JqxU,228,0.4646957019398822,mixed,0.009684679432464108
c2_cecum_t3_v2,544037,19988.335749492056,396287,147750,15225.19440583171,4763.141343660347,0.2715807932181083,0.2382960444208762,85,4762.378559961039,0.0471485124265018,0.0464623087174038,0.0394824580717198,0.0375091929137654,1,1,77.86943373070908,1201,1038.40247545107,2084.5636513275613,0.2180079070786267,0.4376447182492446,4762.378559961039,0.2180428251087131,0.4377050590946507,84,0.7627836993077042,c2,cecum,t3,v2,30.0,2.0,2.0,no,no,no,fast,oscillatory motion in exploration,1.0,-0.7306,CI45hWmj0EU,306,0.9998398570094243,monolithic,0.00016014299057552742
c2_cecum_t3_v3,544037,19988.335749492056,396310,147727,15228.855775368604,4759.479974123453,0.2715385166817698,0.2381128691138981,80,4758.74769507374,0.0654537785671966,0.0398516959083954,0.0376861079328961,0.0314921986353548,1,1,77.83974401798348,1201,1038.4562675063366,2084.632405597661,0.218186918140692,0.4379958350348107,4758.74769507374,0.2182204928791134,0.4380632341058288,79,0.7322790497125549,c2,cecum,t3,v3,30.0,2.0,2.0,yes,no,no,fast ; water jet,water jet for cleaning foam to check ,1.0,,4OikTyvXBao,306,0.9998461430547676,monolithic,0.00015385694523221895
c2_cecum_t4_v1,544037,19988.33826128971,458772,85265,17326.17688974571,2662.1613715439994,0.156726472648,0.1331857274348642,114,2317.9081216549234,142.22260333899789,76.47611604250375,67.77876901818313,39.04363155626877,5,2,54.3254294189549,1201,811.6810997920426,1402.3277318723142,0.3048955290494971,0.5267628577523055,2460.1307249939214,0.2865885304237271,0.5264316728781169,109,237.04437584833417,c2,cecum,t4,v1,50.0,2.0,-4.0,no,no,no,fast ; loop ,fast jerky motion,2.0,-0.2529,sxqBik4awcM,191,0.8706865580844124,monolithic,0.07588970702888104
c2_cecum_t4_v2,544037,19988.333956969447,512503,31534,19134.165151739744,854.1688052297004,0.057962969430388,0.0427333667262384,80,347.4864038083217,190.7423346375988,157.48874627679612,111.91570969632754,20.92327447239409,5,4,21.034101611111574,1201,452.6935444029174,644.2692591284622,0.529981359224633,0.7542645612715947,807.6331944190442,0.5331059320370916,0.7703122727984457,69,136.31182295892458,c2,cecum,t4,v2,20.0,2.0,-4.0,no,no,no,textureless enface ,"wait on the ICV, ",1.0,-0.3107,VrKEOLEsoy4,520,0.4068123322706414,mixed,0.054480578693273725
c2_cecum_t4_v3,544037,19988.333956969447,512364,31673,19128.76989152592,859.5640654435283,0.0582184667586947,0.0430032871821125,97,347.99191605773325,190.85105556628488,157.49174102669903,114.18670417492532,21.68027864882955,5,4,21.04939592417952,1201,453.68668987555344,645.192129042291,0.5278102099829577,0.750603887459368,810.5214168256425,0.5316745595686582,0.7679489320790809,80,140.47628022899605,c2,cecum,t4,v3,20.0,2.0,-4.0,yes,no,no,textureless enface ; water jet ,water jet; cleaning the debris on ICV; mucous pool,1.0,,a5e3rdmfvRE,520,0.404846980053979,mixed,0.05705525694885838
c2_descending_t3_v1,503462,27967.47329683878,390506,112956,21607.132471272387,6360.340825566393,0.2243585414589383,0.227419215102471,384,3379.384966346296,660.9730992720863,591.5861850818621,424.1925788919473,421.7761467051412,12,9,65.59547679555055,1168,477.9629686568624,888.45917160362,0.0751473830986564,0.1396873526073191,6131.672370747146,0.0701738740986397,0.1350067726454173,351,5489.873527945341,c2,descending,t3,v1,22.0,3.0,4.0,no,no,yes,,,3.0,-0.3168,9N7dSenLGwE,198,0.5313213645347944,mixed,0.035952232921241875
c2_descending_t3_v2,503462,27967.47344777133,369854,133608,20432.61012002325,7534.863327748078,0.2653785191335195,0.2694152312978602,162,3626.4768930285472,1896.306071599171,855.3595280923226,626.2798073173326,160.33789677443838,8,7,67.95126038766503,1168,629.611457105771,1080.6526713403327,0.0835597713879093,0.1434203414626903,7440.180504246357,0.076757080288145,0.1373399526224703,125,2852.8968438181846,c2,descending,t3,v2,12.0,3.0,4.0,no,no,yes,textureless enface; saturation,textureless surface en face to down the barrel,3.0,-2.8209,gn2M7HyZBZ8,413,0.4812929890411671,mixed,0.012565964289364006
c2_descending_t3_v3,503462,27967.47929997593,372560,130902,20575.201313943548,7392.277986032384,0.2600037341447815,0.2643169199034232,180,3582.330568782243,1950.752435957832,603.9209355499679,372.0277906997972,346.7777053933107,10,7,67.53639716839476,1168,524.0487503042513,873.1768525085234,0.0708913749313046,0.1181201321376685,7199.878271041405,0.0589480781688469,0.1035225720096408,135,2963.78728222727,c2,descending,t3,v3,12.0,3.0,4.0,yes,no,yes,textureless enface; saturation,yellow fecal debris ,3.0,,-KWgPa0497o,413,0.4846044176843743,mixed,0.026027121187070675
c2_descending_t4_v1,503462,27967.47792893157,343439,160023,18973.45579472721,8994.022134204359,0.3178452395612777,0.3215886021992815,300,4324.625266977856,1853.7193078927005,1833.760000251666,666.1901825386843,144.93289862497144,9,5,74.20433886287962,1168,703.0071866923666,1439.1137761502962,0.0781638266175511,0.1600078090398879,8823.227656285879,0.0713891608040469,0.1548174274354207,264,2096.322315709091,c2,descending,t4,v1,11.0,2.0,-1.0,no,no,yes, ,en face to down the barrel (down the barrel still visible in en face),2.0,-0.4133,sYO1DlmAuZM,252,0.480833291540529,mixed,0.018989777362115455
c2_descending_t4_v2,503462,27967.479350388887,374316,129146,20728.37534276145,7239.104007627437,0.256515884019052,0.2588400590890855,110,3302.2951452810976,1777.8543879918611,578.8509469715732,467.31986695957113,393.8737817826234,10,8,64.84298549079031,1168,735.7339618770209,1437.5519269831425,0.1016332906809764,0.1985814716114694,7129.966310088976,0.0968063292463031,0.195225143749655,86,5045.54336674605,c2,descending,t4,v2,40.0,2.0,-1.0,no,no,yes,loop ; fast ,fast  motion loop start & end are same points,1.0,0.3733,EVljOx1moZA,128,0.4561745682617151,mixed,0.01507613337554871
c2_descending_t4_v3,503462,27967.483206734745,371537,131925,20572.582954526926,7394.900252207818,0.2620356650551581,0.2644106442308359,118,3377.101742500681,1797.9283898439091,648.5585005591026,424.1961460661439,414.4791186786233,10,8,65.57331381854887,1168,745.5656668961052,1498.9491396385026,0.1008215988678832,0.2027003865523374,7290.23088253577,0.0962521349658709,0.1995936456644109,87,1776.702350439437,c2,descending,t4,v3,40.0,2.0,-1.0,yes,no,yes,loop ; fast ,,1.0,,2XTd6N4NZiU,128,0.456679823570631,mixed,0.014154263898393703
c2_rectum_t1_v1,284742,16275.685555416454,201300,83442,11579.616625995524,4696.06892942093,0.2930442295130328,0.2885327879696044,108,2976.189189748384,1504.1006854229254,105.85936712262335,86.32727023877486,10.26017009135917,4,4,61.55811700337288,1506,786.5778371989148,1453.5130570627834,0.1674970808607588,0.3095169766262386,4672.476512532708,0.1654166133369291,0.3080382073770062,80,9.91982028881278,c2,rectum,t1,v1,15.0,3.0,-1.0,no,no,yes,polyp ; textureless enface,,1.0,0.7137,OKwJsiVuhZA,154,0.6337618196152365,mixed,0.005023865118421651
c2_rectum_t1_v2,284742,16275.687588723256,207697,77045,11927.286995313496,4348.40059340976,0.2705782778796243,0.2671715446555134,89,3409.778464738085,799.7141884720456,112.53636124349885,19.360602580714644,1.5001695039383507,3,3,65.88979268514116,1506,787.3929418062811,1393.3133354901631,0.1810764498099872,0.3204197280263934,4322.029014453629,0.1817068545319697,0.3180483572847852,75,24.32093456212717,c2,rectum,t1,v2,15.0,3.0,-3.0,no,no,yes,polyp ; textureless enface ,close up of polyp and textureless surface; start end point are close,2.0,-1.4348,GWIeiOGCV2c,712,0.7841454326691499,monolithic,0.006064661796822002
c2_rectum_t1_v3,284742,16275.687588723256,207692,77050,11927.359750145748,4348.327838577507,0.2705958376354735,0.2671670745013735,95,3410.968840065757,799.0548667131239,112.41172462356964,19.31420184523241,1.5977110292720738,3,3,65.90129295416858,1506,787.6179150658137,1393.585014241525,0.1811312174022903,0.320487568089488,4322.43543140245,0.1817440764876333,0.3180376560341161,76,23.85152776690674,c2,rectum,t1,v3,15.0,3.0,-3.0,yes,no,yes,polyp ; textureless enface ; water jet ; water on lens ; debris on lens ,cleaning debris of the polyp; lens covered by foam and cleaned; last and first position are close,2.0,,LrnJ8Thg0U4,712,0.7844323074733037,monolithic,0.005954566476185289
c2_rectum_t2_v1,284742,16275.695724410776,222602,62140,12747.78341129314,3527.912313117636,0.2182326456932942,0.2167595396752451,141,2676.8031983299024,470.9590440123495,154.60614769018844,99.90701092376268,94.11026580458864,5,5,58.37989110633209,1506,482.70724396077554,910.7280065506352,0.1368251818975071,0.2581492751858733,3496.3856667607915,0.1360070733071902,0.254217464183826,114,178.95873177560134,c2,rectum,t2,v1,10.0,3.0,0.0,no,no,yes,textureless enface,Inspect the polyp,3.0,-1.9057,olSFyxnMRWw,519,0.7587499236806133,monolithic,0.008936346359749521
c2_rectum_t2_v2,284742,16275.685137248836,224460,60282,12890.656518824158,3385.028618424678,0.2117074404197484,0.2079807141683786,184,2249.262270477203,1051.695603997337,55.6120516977099,6.124296432150528,5.367430539115833,3,2,53.51494809165354,1506,648.1427505252498,1081.4129964201234,0.1914733444194282,0.3194693807118802,3300.95787447454,0.1792592882570736,0.3084636095000971,159,27.65535256977645,c2,rectum,t2,v2,16.0,3.0,0.0,no,no,yes,polyp ; textureless enface ,,3.0,-1.7039,O-o7w0mlXCg,383,0.6644736349449131,mixed,0.024836051161441112
c2_rectum_t2_v3,284742,16275.685137248836,224446,60296,12890.800385531882,3384.8847517169543,0.211756607736126,0.2079718748042283,190,2255.3626204612588,1051.3317692505566,55.563877596280506,5.588755713893867,5.293210921703325,3,2,53.58746939433506,1506,647.7214852792509,1081.3984058946598,0.1913570277247104,0.3194786485259593,3306.694389711816,0.1788838807313877,0.3078359996045897,166,21.98320155024561,c2,rectum,t2,v3,16.0,3.0,0.0,yes,no,yes,polyp ; textureless enface,fov covered by mucous pool,3.0,,Ak1JH57nwhc,383,0.6663041095615575,mixed,0.023099859445872634
c2_rectum_t3_v1,284742,16275.68528130282,224848,59894,12887.00662677344,3388.67865452938,0.210344803365854,0.2082049754563776,186,2865.3518627895924,382.949176352062,64.98887424210093,52.907679493363126,9.142848338355073,4,2,60.40098758533896,1506,570.7853009635745,1076.0268825781166,0.1684388988022369,0.3175358280549488,3248.301039141654,0.1430031449188533,0.291937203688091,166,22.20095300159777,c2,rectum,t3,v1,23.0,3.0,-2.0,no,no,yes,fast ; textureless enface,en face onto a textureless wall,1.0,0.8338,zkvXqL82QCQ,281,0.8455661202810429,monolithic,0.04142547278718607
c2_rectum_t3_v2,284742,16275.68633017053,203692,81050,11728.736515746616,4546.949814423913,0.2846436423147973,0.279370695784125,103,2510.512742862408,2014.9722434011333,15.766545130869693,0.2093685575521018,0.2088611535567139,2,2,56.53745751069778,1506,825.8165714263748,1465.8630960207795,0.181619900181591,0.3223838300063799,4525.48498626354,0.1823606942298994,0.3205040221978443,78,20.918840556003417,c2,rectum,t3,v2,17.0,3.0,-3.0,no,no,yes,textureless enface ; mirrored path,"first half and second half of the trajectory is the same, bumps into the wall in the middle",1.0,0.5534,toquq2WvlD0,333,0.552131174814931,mixed,0.004720709274661647
c2_rectum_t3_v3,284742,16275.68633017053,203806,80936,11734.718954684928,4540.967375485604,0.2842432798814365,0.2790031267110335,103,2504.6620593950565,2014.910671716311,15.792408224678791,0.3019115728824718,0.2602611427938527,2,2,56.47153955949489,1506,824.5146268890205,1464.7748207629706,0.1815724621454361,0.3225688932870454,4519.572731111368,0.1823697842681437,0.3207560542160992,87,21.11352144218154,c2,rectum,t3,v3,17.0,3.0,-3.0,yes,no,yes,textureless enface ; mirrored path ; debris on lens ,second half of the video lens is dipped in pool and covered by mucous; ,1.0,,URr82C37DOA,333,0.5515701506503803,mixed,0.004711472821790267
c2_rectum_t4_v1,284742,16275.68516055642,234276,50466,13433.29660697653,2842.388553579892,0.1772341277366879,0.1746401780042001,445,2330.8926257426933,231.41976732990616,99.44614219666909,83.12275673358542,46.92293058550267,5,4,54.47737755827803,1506,480.5389216196513,887.7569076713116,0.1690616580250539,0.3123277802935183,2744.881292002854,0.15690009143803,0.2992758410146647,380,143.88576855225818,c2,rectum,t4,v1,45.0,2.0,1.0,no,no,yes,fast ; textureless enface ; loop,"fast motion,  texureless surface, loop to first point",2.0,0.9719,O5golv4ugis,198,0.8200471476030303,monolithic,0.03430469119157895
c2_rectum_t4_v2,284742,16275.684036256887,226927,57815,13030.948417004514,3244.735619252376,0.2030434568837754,0.1993609369673291,127,2479.570249910789,311.17514635956616,195.44122828560347,165.06101057895728,58.88363016215551,5,4,56.18796041978448,1506,731.7534883150842,1277.5838925243277,0.2255202192663353,0.3937405207819975,3151.247635134916,0.207588117336872,0.3801987205741112,90,14.110871936074451,c2,rectum,t4,v2,15.0,2.0,1.0,no,no,yes,textureless enface ,,2.0,-0.8674,89-0KOjV2Mw,296,0.7641825223597446,monolithic,0.028812203854993796
c2_rectum_t4_v3,284742,16275.684036256887,226925,57817,13030.342250686364,3245.341785570525,0.2030504807861151,0.1993981806442646,131,2479.3221830077027,310.6238714873782,195.44122828560347,164.85953287860548,58.79212675887446,6,4,56.18514970652403,1506,731.3427715662399,1276.885615186995,0.2253515407276806,0.3934518148024649,3150.24681565929,0.2074952120200309,0.3800956580686992,94,15.628141569419553,c2,rectum,t4,v3,15.0,2.0,1.0,yes,no,yes,textureless enface ,mucous pool,2.0,,MEIrncnJqV8,296,0.7639633501874263,monolithic,0.029301989187717536
c2_sigmoid_t1_v1,210287,12019.201590289667,148247,62040,8475.065968967725,3544.1356213219424,0.2950253700894492,0.294872799553113,28,2752.956084577665,524.419320892866,255.6028851701421,6.900902947988876,1.3065876416917652,3,3,59.204497732888186,1071,875.3598114264668,1626.8821124239,0.246988237741298,0.4590349485037715,3532.978290640673,0.244749019320739,0.457465384713732,10,0.4904911705674359,c2,sigmoid,t1,v1,7.0,3.0,0.0,no,no,yes,polyp ; textureless enface ,,1.0,-0.6216,kaihm6Mb84M,501,0.77676375249738,monolithic,0.0031481105333962655
c2_sigmoid_t1_v2,210287,12019.19762120422,152711,57576,8742.30535498027,3276.8922662239484,0.2737972390114462,0.2726381884630026,25,2506.649442820665,318.94520953553524,283.89583646660543,102.7209193692756,50.39727342456069,5,4,56.49393945714561,1071,891.9317854286319,1564.8930481774296,0.2721883153199995,0.4775540118628001,3212.2114081920813,0.2577037031765588,0.4670956261921146,7,0.2018650975175695,c2,sigmoid,t1,v2,10.0,3.0,-3.0,no,no,yes,textureless enface ; straight  line ; mirrored path,"straight line, first and last position is the same; into a texture-less syrface",1.0,1.1396,Cub_lh4UE4k,558,0.7649471630964375,monolithic,0.0197384755973075
c2_sigmoid_t1_v3,210287,12019.19762120422,152671,57616,8740.30836951068,3278.889251693537,0.2739874552397437,0.2728043381122991,26,2507.4761180665696,319.5030148579833,284.0722520805288,102.93774251331936,50.57980165587946,5,4,56.503254339917206,1071,893.1992670652784,1566.633802321324,0.2724090990886452,0.4777940583117169,3213.989127518401,0.2578870566126178,0.4673104148430792,6,0.2010704077279374,c2,sigmoid,t1,v3,10.0,3.0,-3.0,yes,no,yes,textureless enface ; straight line ; mirrored path ; debris on lens ; water on lens ,straight line motion back to the same point; len covered with red debris and cleaned ; water on lens,1.0,,U920jpM8b7E,558,0.7647333976807741,monolithic,0.019793326091027703
c2_sigmoid_t2_v1,210287,12019.208432947486,143015,67272,8176.86998120799,3842.3384517394943,0.3199056527507644,0.3196831532771108,26,2756.8128241254044,990.28570203215,86.18549065700823,5.951732866519583,1.9412842658698344,3,3,59.245954335376254,1071,969.6983268591516,1703.6430366816228,0.2523719185695763,0.4433870306012094,3833.2840168145626,0.2506818733410523,0.4421481739342379,5,0.2909264491681547,c2,sigmoid,t2,v1,11.0,3.0,0.0,no,no,yes,polyp ,start facing the polyp,1.0,1.9039,l19X7CXdn_Q,466,0.7174830793152401,monolithic,0.0023564907252853835
c2_sigmoid_t2_v2,210287,12019.204758059972,153411,56876,8785.610237320598,3233.5945207393743,0.2704684550162397,0.2690356463534706,40,2222.507931100893,693.8333522152874,129.79190362910467,91.10414785259022,83.53866313360288,5,5,53.19572338417056,1071,846.9484758209855,1485.4534700567483,0.261921669643146,0.4593814903289401,3220.7759979314787,0.2591765495194029,0.4573983243390342,15,84.1583200393046,c2,sigmoid,t2,v2,14.0,3.0,0.0,no,no,yes,polyp,first half and and second half of the video has the same waypoints,1.0,-0.2833,8_kVyJPfW5c,448,0.6873180656530515,mixed,0.0039641713658533405
c2_sigmoid_t2_v3,210287,12019.204758059972,153428,56859,8786.722980040857,3232.4817780191142,0.2703876131192133,0.268943065958789,38,2220.911326195078,694.0270497404413,129.98526238638192,91.05967636095232,83.57006658508405,5,5,53.176612583557706,1071,847.4644530162202,1485.3588894955155,0.2621714556224202,0.4595103674198445,3219.5533812679373,0.2593862311461384,0.4574885187881338,14,84.14182786093718,c2,sigmoid,t2,v3,14.0,3.0,0.0,yes,no,yes,polyp,Almost immerses in water; full FOV in mucous pool,1.0,,l2HD8BmnY4o,448,0.68706074116095,mixed,0.003999526567818531
c2_sigmoid_t3_v1,210287,12019.202332743773,149450,60837,8546.3476382771,3472.854694466671,0.2893046170234014,0.2889421941925059,40,2776.222909931956,301.89199645955887,212.0917146093116,94.06586160935498,71.57367840207716,5,4,59.45415707858528,1071,877.0205609231494,1580.2448444565937,0.2525359216210553,0.4550276310075429,3384.272482610181,0.2361766664768317,0.4410690683908388,18,1.0352784855200516,c2,sigmoid,t3,v1,10.0,3.0,0.0,no,no,yes,textureless enface,,1.0,0.1815,Mgjp8MLukQI,391,0.7994065845470978,monolithic,0.025507030857820953
c2_sigmoid_t3_v2,210287,12019.202332743773,146047,64240,8368.86137530407,3650.3409574397033,0.3054872626458126,0.3037090862090841,62,2530.484373856242,950.6192834455256,154.41888704620737,7.856094098564117,2.5385237847712245,3,3,56.761895424026896,1071,938.7849858393106,1740.752463597246,0.2571773422770241,0.4768739369536003,3635.5225443479753,0.2546979316399778,0.4752821912736123,35,1.99349972835604,c2,sigmoid,t3,v2,15.0,3.0,-2.0,no,no,yes,straight line ; textureless enface ,"straight motion into textureless region (en face), first and last point are close",1.0,-1.2899,0sqHVda_3W4,225,0.6932186344672547,mixed,0.004059459996887868
c2_sigmoid_t3_v3,210287,12019.202332743773,146078,64209,8370.285318446724,3648.917014297048,0.305339845068882,0.3035906138593197,47,2529.914993223132,950.1054439310128,154.46159585554585,8.434467773704464,2.3631608533261748,3,3,56.75550910872074,1071,938.2274977722462,1740.500736500033,0.2571249206534757,0.4769910441044477,3634.482033009691,0.2546259675425277,0.4753506331829268,26,1.6409876861371262,c2,sigmoid,t3,v3,15.0,3.0,-2.0,yes,no,yes,straight line ,mucous pool & fecal debris cover major FOV,1.0,,LUXdc2Z5Mo0,225,0.6933331131704326,mixed,0.003955963161343229
c2_sigmoid_t4_v1,210287,12019.200806913052,163319,46968,9379.77231116127,2639.428495751783,0.2233518952669447,0.2196009982821544,37,1350.509055893002,1205.0108588799098,70.06881510037744,11.60036768276233,0.6632019956679724,3,2,41.46711390350093,1071,921.697533179237,1549.0737779839046,0.349203448649103,0.586897421346012,2555.519914772912,0.3331884789926371,0.574129191406665,30,13.68084123821433,c2,sigmoid,t4,v1,10.0,2.0,2.0,no,no,yes,textureless enface ,down the barrel (flexure) to en face,2.0,-1.4353,g4U5GVXwlwM,413,0.5116672257144588,mixed,0.031790435358989184
c2_sigmoid_t4_v2,210287,12019.200806913052,158245,52042,9081.329838649326,2937.870968263727,0.2474808238264847,0.2444314738941676,33,1480.173780456033,1446.3748579611,10.070733896261384,0.0876876905013483,0.0860090922261887,2,2,43.41216177935354,1071,926.4028410425842,1493.9899604290565,0.3153313576566249,0.50852810643076,2926.5486384171327,0.3164559845441579,0.506885135927077,24,11.043319490667912,c2,sigmoid,t4,v2,15.0,1.0,1.0,no,no,yes,textureless enface ,en face to down the barrel (in flexure),2.0,-1.1985,EmcqqgGxiOk,290,0.5038253199155344,mixed,0.003853923459846557
c2_sigmoid_t4_v3,210287,12019.200806913052,158198,52089,9077.841724363449,2941.359082549605,0.2477043278947343,0.2447216857262115,31,1481.0876195982005,1448.7901414846165,10.320358479637918,0.0737302021579984,0.0723608836220863,2,2,43.42556075043935,1071,927.2275897149462,1497.3528290216505,0.3152378079969802,0.5090683547973093,2929.877761082817,0.3164000963226721,0.5074087107756248,22,11.267337572099576,c2,sigmoid,t4,v3,15.0,1.0,1.0,yes,no,yes,textureless enface ,"fecal liquid pool,  ",2.0,,3skce4FJ6UU,290,0.5035385269296587,mixed,0.00390340694371648
c2_transverse1_t1_v1,363081,25596.59626746196,261281,101800,18429.578869380428,7167.017398081537,0.280378207617584,0.2799988452836657,90,3277.6006748868667,1851.773514708835,1264.1668172185898,225.8195922893609,212.8747107120073,11,6,64.60008352252044,1521,1027.5476151701012,1683.3463404345405,0.1433717204935423,0.234874041311123,6918.95528258853,0.1409367977700807,0.2357093946168387,69,2347.01809995903,c2,transverse1,t1,v1,20.0,2.0,-5.0,no,no,yes,polyp ; textureless enface ; exploratory,"en face to down the barrel, exploratory motion intial",1.0,0.3944,mZHYcku1Wyw,402,0.4573172482829765,mixed,0.034611624573341666
c2_transverse1_t1_v2,363081,25596.59626746196,259858,103223,18333.370224620165,7263.226042841801,0.2842974432702345,0.283757495213327,67,3416.593524308298,1870.9672980334883,1252.026073873958,330.26940884386374,226.0304721811462,8,5,65.95560615622756,1521,1026.3802864202448,1718.4657906747614,0.1413119019518583,0.2365981425524237,7095.886777240755,0.1428060583965652,0.2403285927097478,56,2355.531307544212,c2,transverse1,t1,v2,10.0,2.0,-5.0,no,no,yes,polyp ; water on lens,"towards the polyp, lens cleaning and water on lens",2.0,0.0595,2VP8xUdG0O8,627,0.470396144103967,mixed,0.02303924793390753
c2_transverse1_t1_v3,363081,25596.59626746196,259903,103178,18336.987861846508,7259.608405615455,0.2841735039839595,0.2836161624678109,65,3415.999630336447,1870.1661007087328,1250.511544848962,329.5630736395477,225.6152751937825,8,5,65.94987349605049,1521,1025.7095799275626,1717.2615928273383,0.1412899322688198,0.2365501686701174,7091.855624727472,0.1427841929174222,0.2402909854488617,53,2354.3772569722946,c2,transverse1,t1,v3,10.0,2.0,-5.0,yes,no,yes,polyp ; water on lens ,lens cleaning and water on lens in withdrawl; red debris,2.0,,eq7aC1IKUuA,627,0.4705487458103252,mixed,0.023107690045405617
c2_transverse1_t2_v1,363081,25596.60245274792,232914,130167,16411.343490429826,9185.25896231809,0.3585067794789592,0.3588468031753178,52,6500.037271569765,1398.7910869484813,426.2508940631532,277.4065948415015,228.80717956502207,10,7,90.97309765208108,1521,1267.5490039942758,2172.075120321113,0.1379981782978913,0.236474020953781,9036.0576421688,0.1388356447635765,0.2389374980436687,40,498.8923881883194,c2,transverse1,t2,v1,9.0,2.0,5.0,no,no,yes,polyp; saturation,moving towards and inspecting the polyp,3.0,-0.9227,_2-itv83oX0,610,0.70765966405909,monolithic,0.016243561641688872
c2_transverse1_t2_v2,363081,25596.60245274792,295981,67100,20870.73974439216,4725.862708355751,0.1848072468677788,0.1846285153304948,76,2734.426525621737,646.6419600265172,402.59245711918425,232.72001455828672,227.50770376590748,10,7,59.00491491896563,1521,786.729839773695,1219.148767184833,0.1664732744738195,0.2579738012763824,4594.438233960967,0.166942839421193,0.2609435750173031,46,958.0878135130712,c2,transverse1,t2,v2,15.0,2.0,5.0,no,no,yes,polyp; saturation,oscillatory motion in exploration,3.0,-0.4986,5OgMpqaKrWk,600,0.578608963985988,mixed,0.02780962598901008
c2_transverse1_t2_v3,363081,25596.60245274792,296007,67074,20871.617132693653,4724.985320054264,0.1847356375023755,0.1845942378007677,81,2734.9743638211703,643.3193919930783,402.9014772293552,232.1764309860314,227.55194568987787,10,7,59.010825395464586,1521,785.8782619679849,1218.6762082288865,0.1663239584327342,0.2579216919587997,4592.515992341741,0.1668961520772248,0.2609701688217131,56,958.8808254180252,c2,transverse1,t2,v3,15.0,2.0,5.0,yes,no,yes,polyp ; saturation,blood pool,3.0,,DdGrEtDEg0o,600,0.5788323515446945,mixed,0.028035923656796035
c2_transverse1_t3_v1,363081,25596.611479233023,244608,118473,17259.468001408633,8337.143477824393,0.3262990902856387,0.3257127797790134,52,3822.593248286717,3107.5667635421687,362.171669476509,289.15613009643346,230.8415374903892,13,6,69.76443855687714,1521,783.6913498185004,1266.1877001621524,0.0939999835558794,0.1518730850116746,8029.994355208258,0.082903319568561,0.1429900804055353,33,3803.55886091585,c2,transverse1,t3,v1,10.0,3.0,0.0,no,no,yes,exploratory ; water on lens ,"slow circular exploratory motion in first fold, lens cleaning and water on lens",3.0,-1.2219,-pBHC7JZkME,853,0.4585015549335653,mixed,0.036841050346933336
c2_transverse1_t3_v2,363081,25596.605001956603,234524,128557,16533.301725497946,9063.303276458655,0.3540725072366772,0.3540822416006285,76,3685.1213011526106,2408.689710037018,1976.932824085889,233.02278750974432,207.82880044110087,10,8,68.49848295964955,1521,1215.6982032479186,2079.8462293480648,0.1341341193343508,0.2294799330780788,8935.631033446803,0.1344157560066357,0.231123870169538,62,2968.9925276353306,c2,transverse1,t3,v2,20.0,3.0,1.0,no,no,yes,straight line ; water on lens ; loop ; mirrored path,straight line path back to same point; lens cleaning in the middle,3.0,-1.3121,z4uk4W5rSuA,298,0.4065980348163429,mixed,0.014086723032150035
c2_transverse1_t3_v3,363081,25596.605001956603,234473,128608,16530.482488434704,9066.122513521896,0.3542129717611221,0.3541923826549998,71,3684.5457864740993,2407.982028180494,1976.771212051088,233.4632296008469,211.3630162742133,10,8,68.49313396046456,1521,1216.176781157657,2080.228082659805,0.1341451959582235,0.2294506917987482,8938.104016392334,0.134441441902429,0.2311119773893167,58,2972.114028309007,c2,transverse1,t3,v3,20.0,3.0,1.0,no,no,yes,straight line ; water on lens ; loop ; mirrored path,"heavy fecal debris, straight line path back to same point; lens cleaning in the middle",3.0,,Mls5XP1YqoI,298,0.4064081178010435,mixed,0.014120534653996295
c2_transverse1_t4_v1,363081,25596.605151771266,241197,121884,17019.38102822889,8577.224123542373,0.3356936881852809,0.3350922543315802,82,3720.982841264201,2695.2136389614047,1153.391508003655,328.7843357691648,229.5911850497081,10,6,68.83097049133175,1521,1173.9351869545064,1965.919623765148,0.1368665631264481,0.2292023148105902,8351.627648984917,0.1383741893722855,0.2331972024817469,59,3231.308968200975,c2,transverse1,t4,v1,20.0,3.0,0.0,no,no,yes,polyp ; loop ,slow smooth motion; exploring the first haustral fold and goes directly to polyp,3.0,-1.1864,EmYfmepbgDQ,376,0.4338213374943785,mixed,0.02630180479232795
c2_transverse1_t4_v2,363081,25596.605151771266,242066,121015,17064.564343623155,8532.040808148107,0.3333002828569933,0.3333270469876235,93,3316.4421182304995,2226.130352012909,2075.7228889556204,227.6535721067964,195.4512777588733,10,8,64.98173014591347,1521,1129.8251245729496,1934.6945573701744,0.1324214393693435,0.2267563647284175,8456.547881031489,0.1321456631379822,0.2273145758023742,67,2778.812485772112,c2,transverse1,t4,v2,20.0,3.0,0.0,no,no,yes,textureless enface ; water on lens ; polyp,down the barrel ->en face ->down the barrel; water on lens and lens cleaning,3.0,-1.0619,gdxqeVvtmmc,382,0.3887044369341616,mixed,0.008848167608917695
c2_transverse1_t4_v3,363081,25596.605151771266,242036,121045,17062.3832994839,8534.221852287365,0.3333829090478433,0.333412255323898,80,3319.173586027995,2227.467261622181,2076.065917668864,227.44595835139728,195.11079401907008,10,8,65.00848456602617,1521,1129.3060822924435,1934.5567393264432,0.1323267782158445,0.2266822649809529,8459.409205553697,0.1320148365976963,0.2272047768721712,57,2778.7461529283605,c2,transverse1,t4,v3,20.0,3.0,0.0,yes,no,yes,textureless enface ; water on lens ; polyp,down the barrel ->en face ->down the barrel; thick debris; lens cleaning; water on lens,3.0,,EtFHIMVJVH8,382,0.3889251584359013,mixed,0.008766194273894662
c2_transverse2_t1_v1,217102,16532.452392805146,150923,66179,11505.041877609452,5027.410515195693,0.3048290665217271,0.3040934518210741,67,4435.425312780873,198.47015759731545,183.2898689977125,140.4075632694872,35.127958602522014,6,4,75.14891154203058,1348,902.3154138022336,1622.794137166589,0.1794791595146096,0.32278926343126,4957.592902645389,0.1746224622072534,0.3199248197936954,47,33.20927802921326,c2,transverse2,t1,v1,12.0,3.0,-4.0,no,no,yes,polyp,slow orbiting around the polyp,1.0,1.1318,y_oO6i7SE7Q,393,0.8822484854527984,monolithic,0.013887390404916412
c2_transverse2_t1_v2,217102,16532.45101705708,145245,71857,11073.42312348239,5459.027893574688,0.330982671739551,0.3302007601862801,51,4637.2268907924445,423.6713647460548,395.6671707968075,0.1629981719863816,0.1306634826733664,3,3,76.8394472602857,1348,1205.6877320375538,2219.229751845816,0.2208612514064374,0.4065247137604598,5456.565426335307,0.2209376456999959,0.406670069679971,42,2.335454104344935,c2,transverse2,t1,v2,20.0,3.0,-1.0,no,no,yes,polyp ; textureless enface ; water on lens ,"lens cleaning after en face, down the barrel after enface",1.0,-0.0911,irmSsGTowZs,552,0.8494601934990094,monolithic,0.0004510816371316856
c2_transverse2_t1_v3,217102,16532.45101705708,145361,71741,11082.569346260872,5449.881670796207,0.3304483606783908,0.3296475317043663,53,4628.294880114014,423.2657042115419,395.08405914600655,0.2230491780065312,0.1896285444452043,3,3,76.76540930690366,1348,1205.7830222059856,2218.343242754857,0.2212493949487577,0.4070442950426051,5446.644643471562,0.2213632445515303,0.4072685655022082,44,3.140935316736768,c2,transverse2,t1,v3,20.0,3.0,-1.0,yes,no,yes,polyp ; textureless enface ; water on lens ; water jet ; debris on lens ,cleaning polyp with water jet and scope dips into mucous pool which is cleaned with lens cleaning water.,1.0,,8bLe5R64OhA,552,0.8492468570309046,monolithic,0.0005939628638159516
c2_transverse2_t2_v1,217102,16532.46064591514,179998,37104,13745.069936468224,2787.3907094469173,0.17090584149386,0.1686010793641676,55,1852.654895201316,691.6161339692426,108.20526633349172,105.8605951689648,16.879609924260194,4,4,48.56823525018687,1348,931.9446383236522,1760.8721021434203,0.3343430238054325,0.6317277646709306,2758.336890673015,0.3343113112325255,0.6347242225445682,32,125.11299836115823,c2,transverse2,t2,v1,12.0,2.0,0.0,no,no,yes,polyp,"towards and away from polyp, first and last point are close",2.0,-0.2533,xWMEdnjCNYo,415,0.6646556182175571,mixed,0.010423303297752368
c2_transverse2_t2_v2,217102,16532.46064591514,182420,34682,13921.63842997038,2610.822215944764,0.1597497950272222,0.1579209696525029,60,1230.438174084143,919.775415270106,189.51013640198065,160.44929836136455,48.28303012613014,6,4,39.58083552169735,1348,909.9835830056672,1658.1707529910389,0.3485429139710213,0.635114387668486,2500.173024117594,0.363308881766417,0.6625405001370197,36,269.449972797592,c2,transverse2,t2,v2,17.0,2.0,0.0,no,no,yes,zigzag; polyp,zizag,2.0,0.2877,vhZFy_99FRE,337,0.4712837843073473,mixed,0.0423809752925403
c2_transverse2_t2_v3,217102,16532.46064591514,182426,34676,13921.96593884342,2610.494707071722,0.1597221582481967,0.157901159602441,50,1230.5450592179884,920.1232897076334,189.06403717715253,160.1276676953362,49.24774109056818,6,4,39.58255462921532,1348,909.1800337903352,1656.887420230768,0.3482788267401592,0.6347024630014872,2499.8600537981106,0.3633655084955953,0.6624426650477648,33,269.9452067947892,c2,transverse2,t2,v3,17.0,2.0,0.0,yes,no,yes,zigzag; polyp,low grade fecal debris,2.0,,Dgnkzme6Yqc,337,0.4713838552840168,mixed,0.04238072307670523
c2_transverse2_t3_v1,217102,16532.45319507319,156847,60255,11968.588405156635,4563.864789916555,0.2775423533638566,0.2760549046209685,95,3988.7489216477447,205.7960690981406,139.41402383558068,116.66443360626266,104.9246331817817,5,5,71.26452736854182,1348,870.7223647876383,1498.591656031558,0.1907861877747606,0.3283602220956589,4555.54808136951,0.1900066410371058,0.3277407846556891,41,3.178732783459852,c2,transverse2,t3,v1,31.0,3.0,-2.0,no,no,yes,fast ,"fast motion, oscillatory exploration",1.0,0.5563,C0Y8XRRR7fE,193,0.8739849021076442,monolithic,0.0018222951226382234
c2_transverse2_t3_v2,217102,16532.45230970838,100596,116506,7704.132839850701,8828.319469857677,0.5366417628580115,0.5339993912865189,16,8827.982160909849,0.0987161654289718,0.084653439882849,0.0754464305053559,0.0507841963213014,1,1,106.01950757991187,1348,1333.558859829046,2536.765242414508,0.1510546672424105,0.287344069398001,8827.982160909849,0.1510489253552271,0.2873435350014993,8,0.2356675793317122,c2,transverse2,t3,v2,7.0,3.0,-2.0,no,no,no,polyp,Hover around the polyp & wait in for 5 sec.,3.0,1.1184,qSkqcN4Es18,733,0.9999617923944664,monolithic,3.820760553357988e-05
c2_transverse2_t3_v3,217102,16532.44857522854,104360,112742,7990.466359426596,8541.982215801945,0.5193042901493308,0.5166797995428735,17,8376.757800030085,164.7940351125156,0.0867944916958971,0.0715177056993654,0.0571443095351646,2,2,103.27448517260704,1348,1292.8085528244603,2365.912780905001,0.1513476052938712,0.276974678843075,8541.551835142602,0.1513551838558809,0.2769885873394793,13,0.4299762574302463,c2,transverse2,t3,v3,7.0,3.0,-2.0,yes,no,no ,polyp ; water jet ; water on lens ,"water jet, water bead visble on lens, cleaning up the polyp with water",3.0,,o8PAQ6zV1ho,733,0.9806573683253276,monolithic,5.03841671022649e-05
c2_transverse2_t4_v1,217102,16532.447047215883,139319,77783,10606.745541277469,5925.701505938417,0.3582785971570966,0.358428579206387,44,2700.5773857017984,2574.394465284357,639.3056424729538,5.640307914004348,3.626054125546485,3,3,58.63857025109867,1348,1182.4449234178092,2319.1650403357835,0.1995451377753042,0.3913739222287255,5914.27749345911,0.1999300981788841,0.3921294189201122,36,650.7268114588967,c2,transverse2,t4,v1,13.0,3.0,5.0,no,no,yes,water on lens ; mirrored path ; textureless enface; straight line,first and second half of the trajectories the same; lens has water in the second half,1.0,1.2778,y4Fi-r5wtao,687,0.4557396930971677,mixed,0.0019278751161965772
c2_transverse2_t4_v3,217102,16532.458598141024,132774,84328,10137.631485424215,6394.827112716806,0.3884257169441092,0.386804362748313,30,6317.648748767311,74.3509713471934,1.378009590053474,0.2543385902976272,0.1102870194537256,2,1,89.68768152136145,1348,1222.8003165716498,2078.083886765588,0.1912171032958778,0.3249632632965312,6317.648748767311,0.181495124595357,0.316875169324944,16,1.0004941850702809,c2,transverse2,t4,v3,7.0,5.0,5.0,yes,no,yes,polyp ; water jet ; saturation,water jet; trying to clean a false positive polyp,2.0,,n9MZgqEOkrk,940,0.9879311258007244,monolithic,0.012068874199275567
